Expense_ID,Expense_Date,Customer_ID,Payment_Type,Expense_cost
1,2022-09-23,793,Cash,29
2,2022-11-07,487,Card,12
3,2022-01-05,702,Cash,35
4,2022-06-20,474,Card,28
5,2022-06-09,309,Cash,12
6,2022-03-01,911,Apple Pay,12
7,2022-01-15,5,Apple Pay,4
8,2022-01-25,474,Cash,16
9,2022-09-29,516,Cash,23
10,2022-06-08,183,Cash,25
11,2022-06-27,470,Apple Pay,28
12,2022-07-30,788,Cash,8
13,2022-06-07,284,Card,22
14,2022-06-21,583,Card,33
15,2022-02-20,507,Card,17
16,2022-02-12,611,Cash,21
17,2022-07-08,831,Card,3
18,2022-08-20,939,Card,13
19,2022-10-29,732,Apple Pay,7
20,2022-09-24,601,Cash,7
21,2022-11-13,826,Cash,13
22,2022-05-17,39,Cash,33
23,2022-02-10,276,Card,9
24,2022-08-16,87,Apple Pay,8
25,2022-10-18,285,Apple Pay,22
26,2022-12-16,266,Card,22
27,2022-03-21,122,Apple Pay,1
28,2022-10-22,351,Apple Pay,9
29,2022-09-20,558,Card,3
30,2022-08-29,614,Apple Pay,6
31,2022-06-25,693,Apple Pay,15
32,2022-10-23,942,Cash,14
33,2022-08-06,326,Cash,16
34,2022-11-20,143,Cash,31
35,2022-10-11,934,Cash,32
36,2022-09-04,997,Apple Pay,25
37,2022-06-26,303,Apple Pay,1
38,2022-05-07,640,Cash,26
39,2022-09-03,435,Cash,18
40,2022-01-01,606,Cash,26
41,2022-07-20,549,Apple Pay,30
42,2022-02-03,34,Apple Pay,21
43,2022-08-12,787,Apple Pay,3
44,2022-07-20,974,Cash,23
45,2022-11-12,227,Apple Pay,2
46,2022-04-21,241,Card,19
47,2022-11-27,680,Apple Pay,16
48,2022-12-22,510,Cash,32
49,2022-01-31,252,Apple Pay,33
50,2022-07-13,62,Cash,29
51,2022-10-07,967,Card,17
52,2022-12-22,566,Card,2
53,2022-01-30,833,Cash,19
54,2022-05-09,856,Apple Pay,30
55,2022-11-25,798,Apple Pay,19
56,2022-09-05,592,Cash,18
57,2022-04-11,712,Apple Pay,7
58,2022-03-02,88,Cash,3
59,2022-02-01,42,Cash,31
60,2022-01-04,966,Apple Pay,32
61,2022-07-03,921,Cash,11
62,2022-12-15,995,Cash,26
63,2022-07-30,991,Card,10
64,2022-02-01,168,Apple Pay,22
65,2022-08-14,706,Cash,28
66,2022-01-12,732,Apple Pay,9
67,2022-04-24,705,Card,30
68,2022-02-08,214,Card,7
69,2022-10-11,792,Apple Pay,25
70,2022-01-30,539,Card,21
71,2022-01-20,41,Cash,25
72,2022-03-15,475,Cash,2
73,2022-10-28,670,Apple Pay,14
74,2022-05-06,978,Apple Pay,5
75,2022-08-02,561,Cash,11
76,2022-03-27,117,Apple Pay,34
77,2022-10-18,490,Card,11
78,2022-03-23,763,Apple Pay,24
79,2022-04-23,616,Apple Pay,24
80,2022-06-30,212,Cash,17
81,2022-10-14,326,Cash,27
82,2022-09-02,694,Apple Pay,32
83,2022-11-21,142,Card,25
84,2022-10-15,173,Card,24
85,2022-03-19,473,Cash,13
86,2022-04-21,837,Cash,12
87,2022-08-12,858,Cash,21
88,2022-02-11,87,Card,14
89,2022-06-22,944,Apple Pay,21
90,2022-01-16,116,Cash,10
91,2022-01-02,101,Cash,14
92,2022-03-21,666,Apple Pay,24
93,2022-01-20,343,Card,10
94,2022-07-05,165,Cash,6
95,2022-02-20,568,Card,8
96,2022-02-10,826,Apple Pay,31
97,2022-03-27,950,Cash,28
98,2022-05-20,321,Apple Pay,8
99,2022-02-04,114,Apple Pay,14
100,2022-01-20,115,Cash,4
101,2022-10-28,731,Card,31
102,2022-04-12,239,Apple Pay,6
103,2022-11-09,336,Cash,31
104,2022-06-18,508,Card,5
105,2022-02-07,919,Card,9
106,2022-04-25,889,Card,31
107,2022-11-10,422,Card,2
108,2022-07-08,949,Card,26
109,2022-03-30,309,Apple Pay,31
110,2022-05-26,302,Apple Pay,5
111,2022-01-16,323,Card,20
112,2022-09-02,430,Card,22
113,2022-06-17,350,Cash,3
114,2022-12-02,210,Card,11
115,2022-01-13,452,Card,6
116,2022-12-07,398,Cash,34
117,2022-09-18,749,Card,20
118,2022-01-17,437,Card,6
119,2022-05-29,967,Cash,9
120,2022-05-26,825,Card,1
121,2022-10-30,948,Card,29
122,2022-09-06,806,Card,5
123,2022-03-10,704,Card,33
124,2022-07-12,864,Card,24
125,2022-10-18,216,Cash,12
126,2022-06-26,201,Apple Pay,5
127,2022-01-01,323,Apple Pay,30
128,2022-03-18,478,Card,25
129,2022-06-07,476,Apple Pay,33
130,2022-09-18,1,Card,5
131,2022-08-21,231,Apple Pay,35
132,2022-04-05,477,Apple Pay,25
133,2022-01-11,744,Card,4
134,2022-01-03,232,Card,34
135,2022-08-02,119,Apple Pay,21
136,2022-11-18,276,Card,31
137,2022-04-21,543,Apple Pay,35
138,2022-11-20,582,Card,29
139,2022-05-06,531,Cash,19
140,2022-03-15,616,Card,8
141,2022-10-27,135,Cash,21
142,2022-05-01,219,Apple Pay,22
143,2022-12-01,534,Card,31
144,2022-03-14,982,Apple Pay,11
145,2022-12-12,29,Cash,35
146,2022-03-16,1,Cash,11
147,2022-02-11,468,Apple Pay,27
148,2022-10-23,328,Card,8
149,2022-03-27,58,Cash,25
150,2022-01-02,722,Cash,3
151,2022-02-25,533,Card,31
152,2022-02-02,257,Apple Pay,14
153,2022-07-04,953,Apple Pay,10
154,2022-05-08,547,Cash,33
155,2022-05-03,158,Cash,10
156,2022-09-15,422,Card,6
157,2022-09-18,924,Card,33
158,2022-12-04,869,Card,12
159,2022-07-11,584,Card,5
160,2022-11-08,399,Apple Pay,31
161,2022-07-17,348,Card,22
162,2022-03-02,766,Card,32
163,2022-01-29,68,Card,32
164,2022-08-10,617,Card,8
165,2022-12-11,27,Apple Pay,23
166,2022-01-26,726,Cash,17
167,2022-01-04,268,Apple Pay,32
168,2022-08-09,818,Card,32
169,2022-07-19,149,Card,2
170,2022-12-28,667,Apple Pay,24
171,2022-04-06,91,Card,26
172,2022-07-18,224,Card,33
173,2022-11-25,706,Apple Pay,9
174,2022-09-05,231,Cash,9
175,2022-08-31,818,Card,30
176,2022-02-14,538,Cash,21
177,2022-12-22,673,Card,23
178,2022-12-14,929,Card,19
179,2022-06-16,295,Card,28
180,2022-01-24,264,Cash,12
181,2022-07-03,293,Cash,17
182,2022-11-15,926,Card,9
183,2022-01-04,804,Apple Pay,12
184,2022-10-21,67,Card,35
185,2022-07-01,660,Cash,7
186,2022-06-22,471,Apple Pay,35
187,2022-06-29,857,Cash,3
188,2022-01-26,121,Apple Pay,19
189,2022-08-24,495,Cash,12
190,2022-12-15,52,Card,3
191,2022-08-31,294,Card,28
192,2022-12-14,188,Cash,20
193,2022-09-02,942,Apple Pay,29
194,2022-07-11,369,Cash,18
195,2022-04-08,1,Apple Pay,28
196,2022-12-29,869,Apple Pay,15
197,2022-09-27,123,Apple Pay,17
198,2022-01-04,242,Cash,12
199,2022-11-20,983,Cash,5
200,2022-08-22,90,Cash,16
201,2022-06-10,454,Cash,22
202,2022-10-10,517,Cash,20
203,2022-11-28,234,Card,13
204,2022-02-17,61,Apple Pay,13
205,2022-10-09,360,Apple Pay,20
206,2022-12-27,280,Card,10
207,2022-06-02,216,Card,2
208,2022-11-25,996,Cash,17
209,2022-07-05,925,Apple Pay,14
210,2022-07-10,103,Apple Pay,31
211,2022-07-08,617,Apple Pay,24
212,2022-02-26,943,Card,4
213,2022-05-29,164,Cash,9
214,2022-11-13,446,Cash,32
215,2022-11-07,371,Cash,4
216,2022-06-26,135,Cash,21
217,2022-10-23,976,Cash,30
218,2022-11-16,884,Card,14
219,2022-06-29,426,Card,19
220,2022-02-20,818,Card,24
221,2022-01-03,637,Apple Pay,28
222,2022-12-17,632,Apple Pay,25
223,2022-02-13,269,Cash,19
224,2022-04-02,339,Cash,24
225,2022-01-17,102,Apple Pay,28
226,2022-01-17,617,Card,29
227,2022-10-23,771,Apple Pay,31
228,2022-02-15,71,Apple Pay,35
229,2022-01-27,860,Cash,30
230,2022-02-27,898,Apple Pay,22
231,2022-10-28,750,Card,1
232,2022-02-16,356,Apple Pay,4
233,2022-01-09,596,Apple Pay,17
234,2022-05-13,889,Card,17
235,2022-10-10,632,Card,27
236,2022-10-20,277,Cash,11
237,2022-10-14,729,Apple Pay,13
238,2022-07-03,308,Apple Pay,7
239,2022-04-11,725,Card,12
240,2022-12-18,8,Apple Pay,35
241,2022-04-19,737,Card,22
242,2022-08-07,807,Apple Pay,7
243,2022-09-12,306,Card,18
244,2022-02-19,196,Card,6
245,2022-05-26,488,Card,12
246,2022-06-08,334,Apple Pay,11
247,2022-09-13,658,Apple Pay,18
248,2022-05-25,38,Cash,35
249,2022-07-14,922,Cash,34
250,2022-09-10,517,Apple Pay,11
251,2022-09-01,173,Cash,21
252,2022-05-11,470,Card,16
253,2022-12-01,202,Card,27
254,2022-12-18,536,Cash,32
255,2022-07-25,793,Card,10
256,2022-02-11,354,Card,18
257,2022-05-28,433,Cash,19
258,2022-07-21,197,Cash,6
259,2022-01-19,958,Cash,9
260,2022-01-23,131,Apple Pay,27
261,2022-04-15,764,Cash,23
262,2022-12-09,831,Apple Pay,11
263,2022-08-26,335,Card,31
264,2022-10-13,503,Cash,28
265,2022-02-21,816,Card,21
266,2022-03-23,530,Card,28
267,2022-02-26,715,Card,1
268,2022-06-14,528,Apple Pay,18
269,2022-07-03,604,Card,32
270,2022-06-06,731,Apple Pay,2
271,2022-12-06,746,Cash,28
272,2022-08-26,414,Apple Pay,21
273,2022-12-16,485,Apple Pay,15
274,2022-03-11,854,Apple Pay,23
275,2022-03-22,111,Cash,27
276,2022-06-19,530,Apple Pay,18
277,2022-01-27,5,Card,9
278,2022-11-15,38,Cash,9
279,2022-12-16,508,Apple Pay,2
280,2022-11-06,659,Card,12
281,2022-08-16,517,Card,5
282,2022-10-17,524,Cash,29
283,2022-07-11,511,Cash,20
284,2022-05-31,650,Apple Pay,35
285,2022-10-20,939,Cash,13
286,2022-04-03,581,Apple Pay,26
287,2022-10-23,320,Card,11
288,2022-07-17,556,Cash,12
289,2022-03-19,981,Apple Pay,4
290,2022-07-09,826,Card,24
291,2022-04-07,54,Card,5
292,2022-03-01,284,Apple Pay,27
293,2022-04-18,49,Cash,27
294,2022-06-06,968,Cash,3
295,2022-10-20,478,Apple Pay,24
296,2022-05-01,779,Cash,32
297,2022-04-02,942,Apple Pay,9
298,2022-10-26,970,Cash,15
299,2022-10-20,939,Apple Pay,25
300,2022-01-31,295,Apple Pay,8
301,2022-10-27,830,Apple Pay,4
302,2022-09-25,343,Apple Pay,3
303,2022-06-15,246,Apple Pay,10
304,2022-10-17,691,Cash,23
305,2022-04-30,48,Card,23
306,2022-12-23,78,Apple Pay,28
307,2022-10-31,303,Cash,27
308,2022-12-30,797,Cash,31
309,2022-05-09,707,Cash,1
310,2022-01-10,112,Cash,30
311,2022-05-20,822,Cash,3
312,2022-11-21,547,Card,17
313,2022-01-01,67,Cash,26
314,2022-11-19,937,Cash,34
315,2022-09-17,349,Card,17
316,2022-09-15,796,Apple Pay,33
317,2022-10-08,685,Card,21
318,2022-09-28,926,Cash,10
319,2022-04-13,210,Apple Pay,18
320,2022-11-14,22,Cash,32
321,2022-04-26,195,Card,17
322,2022-06-17,780,Apple Pay,29
323,2022-06-07,275,Cash,35
324,2022-07-23,604,Cash,13
325,2022-05-19,681,Cash,26
326,2022-11-27,114,Apple Pay,11
327,2022-07-11,817,Apple Pay,24
328,2022-04-02,768,Card,21
329,2022-01-22,668,Cash,35
330,2022-05-21,256,Card,15
331,2022-04-21,890,Card,4
332,2022-12-27,458,Apple Pay,17
333,2022-12-19,924,Cash,4
334,2022-07-13,543,Cash,20
335,2022-05-06,492,Cash,5
336,2022-03-22,456,Apple Pay,22
337,2022-02-15,132,Card,18
338,2022-01-01,399,Card,13
339,2022-09-26,286,Card,18
340,2022-02-16,451,Apple Pay,4
341,2022-05-19,191,Apple Pay,2
342,2022-06-18,97,Cash,11
343,2022-01-11,474,Card,27
344,2022-05-05,696,Card,26
345,2022-12-12,960,Apple Pay,27
346,2022-09-23,243,Apple Pay,17
347,2022-10-28,187,Cash,1
348,2022-06-02,492,Cash,35
349,2022-08-23,733,Cash,26
350,2022-11-08,668,Card,10
351,2022-01-10,852,Card,3
352,2022-09-23,34,Card,24
353,2022-04-27,571,Cash,4
354,2022-05-12,183,Apple Pay,9
355,2022-08-13,962,Card,23
356,2022-10-25,730,Card,21
357,2022-01-07,258,Apple Pay,32
358,2022-01-24,529,Apple Pay,30
359,2022-02-05,817,Card,25
360,2022-09-04,782,Apple Pay,7
361,2022-02-09,177,Card,34
362,2022-06-12,504,Apple Pay,5
363,2022-11-22,958,Card,3
364,2022-12-30,885,Card,24
365,2022-09-07,488,Apple Pay,29
366,2022-05-10,536,Card,1
367,2022-02-02,387,Card,33
368,2022-07-27,663,Apple Pay,7
369,2022-07-01,222,Card,16
370,2022-04-20,247,Card,35
371,2022-09-17,630,Card,16
372,2022-06-20,227,Apple Pay,13
373,2022-08-12,37,Apple Pay,6
374,2022-01-02,630,Card,18
375,2022-05-15,588,Cash,30
376,2022-10-07,497,Cash,24
377,2022-12-22,798,Apple Pay,4
378,2022-04-12,681,Card,20
379,2022-07-29,195,Apple Pay,20
380,2022-04-10,29,Cash,20
381,2022-09-12,714,Apple Pay,5
382,2022-07-26,700,Card,30
383,2022-06-30,17,Card,31
384,2022-07-15,376,Cash,33
385,2022-09-17,41,Cash,7
386,2022-07-18,233,Apple Pay,4
387,2022-01-11,645,Card,16
388,2022-10-05,873,Cash,12
389,2022-08-14,219,Card,27
390,2022-06-20,429,Apple Pay,24
391,2022-08-21,967,Card,32
392,2022-02-18,785,Apple Pay,8
393,2022-05-18,359,Cash,9
394,2022-01-30,699,Card,15
395,2022-08-18,949,Apple Pay,17
396,2022-09-30,98,Cash,22
397,2022-11-26,117,Apple Pay,23
398,2022-06-04,208,Apple Pay,16
399,2022-11-10,819,Apple Pay,33
400,2022-09-10,984,Apple Pay,19
401,2022-01-31,883,Apple Pay,7
402,2022-01-03,650,Card,18
403,2022-06-29,731,Apple Pay,34
404,2022-02-09,949,Cash,21
405,2022-02-17,709,Card,33
406,2022-10-31,780,Apple Pay,16
407,2022-06-12,173,Cash,10
408,2022-03-30,732,Cash,31
409,2022-08-28,47,Apple Pay,15
410,2022-06-11,461,Card,9
411,2022-05-23,817,Apple Pay,2
412,2022-02-27,649,Cash,27
413,2022-07-05,355,Cash,19
414,2022-01-08,485,Cash,19
415,2022-03-31,146,Card,10
416,2022-06-27,486,Apple Pay,6
417,2022-11-19,996,Card,34
418,2022-07-26,581,Card,24
419,2022-02-25,95,Card,4
420,2022-12-12,714,Card,16
421,2022-09-22,960,Apple Pay,11
422,2022-12-26,704,Card,3
423,2022-09-12,634,Card,13
424,2022-08-15,394,Apple Pay,15
425,2022-09-18,808,Cash,16
426,2022-09-23,727,Apple Pay,3
427,2022-11-05,159,Apple Pay,16
428,2022-11-26,378,Apple Pay,1
429,2022-05-04,31,Cash,22
430,2022-07-14,295,Apple Pay,1
431,2022-12-23,873,Card,17
432,2022-01-13,991,Cash,16
433,2022-05-16,930,Card,22
434,2022-11-29,533,Card,26
435,2022-12-29,956,Card,26
436,2022-01-03,264,Card,22
437,2022-03-11,208,Cash,15
438,2022-04-25,554,Apple Pay,7
439,2022-11-16,870,Apple Pay,29
440,2022-12-25,732,Apple Pay,15
441,2022-12-12,352,Cash,28
442,2022-01-17,189,Card,21
443,2022-08-26,805,Cash,11
444,2022-05-14,647,Cash,16
445,2022-07-04,531,Cash,21
446,2022-09-19,549,Card,12
447,2022-05-11,235,Apple Pay,18
448,2022-06-18,721,Apple Pay,11
449,2022-02-01,256,Apple Pay,20
450,2022-11-07,114,Card,19
451,2022-09-19,88,Apple Pay,32
452,2022-11-06,505,Card,22
453,2022-07-15,660,Cash,21
454,2022-07-26,733,Card,35
455,2022-02-06,976,Apple Pay,21
456,2022-01-10,932,Cash,22
457,2022-01-28,166,Cash,33
458,2022-02-26,458,Cash,17
459,2022-06-19,893,Cash,7
460,2022-11-26,870,Cash,21
461,2022-10-19,139,Card,16
462,2022-12-20,783,Apple Pay,8
463,2022-04-29,33,Cash,9
464,2022-01-31,606,Card,35
465,2022-01-26,918,Apple Pay,5
466,2022-09-27,201,Cash,10
467,2022-11-10,225,Cash,3
468,2022-01-20,170,Cash,7
469,2022-03-30,661,Card,9
470,2022-06-13,614,Cash,29
471,2022-11-20,493,Card,13
472,2022-04-12,37,Cash,10
473,2022-11-22,390,Apple Pay,23
474,2022-08-12,15,Apple Pay,24
475,2022-06-14,852,Apple Pay,15
476,2022-03-22,663,Card,15
477,2022-11-07,979,Cash,18
478,2022-10-23,612,Apple Pay,30
479,2022-01-10,165,Cash,13
480,2022-01-25,50,Cash,26
481,2022-10-26,888,Card,10
482,2022-03-09,949,Cash,1
483,2022-08-28,938,Apple Pay,2
484,2022-12-11,258,Card,4
485,2022-02-16,331,Cash,26
486,2022-08-20,851,Apple Pay,17
487,2022-01-24,242,Cash,14
488,2022-03-25,998,Card,24
489,2022-10-22,575,Apple Pay,34
490,2022-08-10,815,Cash,24
491,2022-11-06,979,Cash,17
492,2022-03-15,3,Cash,20
493,2022-11-24,84,Apple Pay,27
494,2022-09-27,547,Cash,35
495,2022-12-07,728,Cash,21
496,2022-06-06,255,Cash,18
497,2022-11-28,494,Cash,16
498,2022-07-11,39,Cash,3
499,2022-03-06,665,Cash,19
500,2022-07-05,365,Cash,12
501,2022-10-08,411,Cash,2
502,2022-05-04,376,Apple Pay,29
503,2022-05-15,374,Apple Pay,28
504,2022-08-28,924,Cash,11
505,2022-07-02,631,Cash,14
506,2022-04-04,16,Card,30
507,2022-12-07,559,Apple Pay,17
508,2022-12-25,139,Apple Pay,12
509,2022-04-16,111,Cash,8
510,2022-04-25,604,Cash,18
511,2022-01-16,59,Cash,21
512,2022-12-06,582,Cash,25
513,2022-04-14,710,Apple Pay,12
514,2022-12-29,309,Card,19
515,2022-04-08,149,Apple Pay,1
516,2022-01-18,128,Card,9
517,2022-09-04,811,Apple Pay,4
518,2022-11-27,465,Card,30
519,2022-11-06,600,Cash,19
520,2022-12-20,323,Card,22
521,2022-05-09,944,Cash,31
522,2022-03-17,547,Apple Pay,5
523,2022-12-25,200,Card,12
524,2022-03-29,450,Apple Pay,31
525,2022-01-25,576,Apple Pay,10
526,2022-04-01,686,Cash,3
527,2022-05-10,333,Apple Pay,28
528,2022-10-12,570,Apple Pay,16
529,2022-11-02,536,Apple Pay,22
530,2022-04-23,861,Card,11
531,2022-10-01,673,Cash,2
532,2022-01-21,39,Card,13
533,2022-11-28,874,Cash,10
534,2022-02-12,471,Card,33
535,2022-04-30,322,Card,35
536,2022-11-20,890,Cash,13
537,2022-06-01,391,Cash,18
538,2022-08-08,29,Apple Pay,30
539,2022-02-11,924,Cash,22
540,2022-09-19,510,Cash,33
541,2022-11-18,567,Cash,29
542,2022-02-20,172,Apple Pay,25
543,2022-01-17,352,Apple Pay,16
544,2022-08-12,630,Apple Pay,10
545,2022-02-16,884,Cash,4
546,2022-05-27,185,Apple Pay,27
547,2022-01-21,675,Apple Pay,13
548,2022-09-18,495,Apple Pay,8
549,2022-06-03,117,Cash,23
550,2022-12-07,31,Card,15
551,2022-05-03,933,Apple Pay,3
552,2022-02-11,909,Cash,4
553,2022-09-01,469,Apple Pay,8
554,2022-05-29,697,Cash,2
555,2022-11-18,199,Apple Pay,24
556,2022-05-13,203,Card,18
557,2022-11-27,857,Apple Pay,12
558,2022-10-03,799,Apple Pay,4
559,2022-05-24,881,Cash,31
560,2022-10-22,267,Apple Pay,33
561,2022-02-28,768,Card,5
562,2022-11-14,642,Cash,15
563,2022-05-04,93,Cash,9
564,2022-09-06,147,Apple Pay,6
565,2022-10-22,651,Cash,25
566,2022-02-09,366,Card,9
567,2022-09-26,326,Cash,19
568,2022-07-28,424,Cash,29
569,2022-01-21,992,Card,33
570,2022-10-06,908,Cash,34
571,2022-12-19,470,Cash,3
572,2022-06-18,237,Cash,21
573,2022-06-21,892,Cash,23
574,2022-08-27,591,Card,23
575,2022-09-02,448,Cash,9
576,2022-10-12,165,Cash,33
577,2022-11-02,922,Apple Pay,3
578,2022-04-20,721,Cash,26
579,2022-12-20,853,Card,13
580,2022-11-29,56,Cash,7
581,2022-08-22,416,Card,17
582,2022-12-18,388,Apple Pay,10
583,2022-08-09,164,Cash,20
584,2022-11-21,682,Apple Pay,10
585,2022-10-24,866,Apple Pay,18
586,2022-01-22,706,Cash,14
587,2022-08-19,386,Apple Pay,10
588,2022-08-17,956,Cash,7
589,2022-10-18,869,Apple Pay,3
590,2022-12-29,211,Cash,22
591,2022-09-18,886,Cash,31
592,2022-01-04,399,Card,34
593,2022-10-12,596,Apple Pay,9
594,2022-02-06,423,Apple Pay,25
595,2022-12-10,772,Card,34
596,2022-10-17,752,Card,9
597,2022-02-12,912,Apple Pay,8
598,2022-03-01,331,Cash,19
599,2022-04-09,971,Cash,3
600,2022-01-30,743,Cash,1
601,2022-11-30,43,Cash,4
602,2022-11-18,62,Card,15
603,2022-03-18,776,Cash,19
604,2022-12-15,974,Apple Pay,4
605,2022-05-25,658,Card,10
606,2022-04-19,857,Card,17
607,2022-03-30,17,Apple Pay,31
608,2022-06-13,273,Apple Pay,20
609,2022-02-14,901,Cash,12
610,2022-10-25,725,Card,32
611,2022-03-06,832,Apple Pay,17
612,2022-12-25,718,Apple Pay,9
613,2022-11-09,822,Card,13
614,2022-01-14,247,Cash,27
615,2022-12-13,186,Cash,10
616,2022-06-12,221,Card,12
617,2022-11-11,747,Apple Pay,30
618,2022-01-28,434,Card,24
619,2022-05-30,214,Cash,27
620,2022-08-03,705,Apple Pay,29
621,2022-03-13,641,Card,30
622,2022-07-25,386,Apple Pay,11
623,2022-05-29,591,Cash,16
624,2022-06-22,921,Apple Pay,2
625,2022-12-10,797,Cash,34
626,2022-02-25,192,Card,15
627,2022-11-28,292,Apple Pay,6
628,2022-04-13,699,Cash,15
629,2022-12-18,321,Apple Pay,25
630,2022-10-16,965,Apple Pay,1
631,2022-01-13,510,Cash,4
632,2022-01-10,732,Apple Pay,5
633,2022-02-22,744,Apple Pay,21
634,2022-06-02,111,Card,8
635,2022-03-26,246,Card,29
636,2022-01-08,825,Apple Pay,17
637,2022-05-25,68,Apple Pay,21
638,2022-05-25,165,Apple Pay,15
639,2022-07-25,613,Apple Pay,31
640,2022-08-24,243,Card,35
641,2022-02-20,91,Cash,17
642,2022-02-28,35,Card,21
643,2022-08-21,727,Cash,6
644,2022-10-13,125,Cash,34
645,2022-12-14,389,Card,7
646,2022-04-27,670,Apple Pay,14
647,2022-01-18,479,Apple Pay,26
648,2022-08-22,970,Cash,35
649,2022-12-06,410,Apple Pay,16
650,2022-10-20,598,Card,16
651,2022-05-28,827,Card,35
652,2022-01-02,812,Card,22
653,2022-01-12,132,Cash,11
654,2022-04-17,747,Cash,27
655,2022-03-26,790,Cash,35
656,2022-06-29,234,Apple Pay,25
657,2022-07-07,335,Cash,9
658,2022-12-15,987,Cash,24
659,2022-06-16,358,Card,7
660,2022-08-11,860,Apple Pay,30
661,2022-08-18,747,Cash,23
662,2022-10-05,284,Cash,18
663,2022-01-17,759,Cash,32
664,2022-04-16,867,Cash,30
665,2022-07-02,369,Apple Pay,31
666,2022-04-06,645,Apple Pay,15
667,2022-04-10,369,Card,15
668,2022-10-31,220,Apple Pay,29
669,2022-05-29,231,Cash,21
670,2022-02-12,54,Cash,16
671,2022-10-12,520,Card,18
672,2022-08-29,839,Apple Pay,32
673,2022-03-26,440,Cash,26
674,2022-10-06,731,Card,22
675,2022-05-01,80,Apple Pay,19
676,2022-10-08,300,Card,18
677,2022-10-27,719,Card,2
678,2022-10-01,959,Card,19
679,2022-08-20,255,Apple Pay,15
680,2022-08-25,802,Apple Pay,13
681,2022-08-02,681,Apple Pay,5
682,2022-08-17,320,Card,21
683,2022-01-27,334,Card,35
684,2022-01-22,826,Card,2
685,2022-09-08,463,Card,13
686,2022-02-26,414,Apple Pay,34
687,2022-03-10,464,Cash,11
688,2022-11-18,332,Cash,25
689,2022-05-05,241,Cash,21
690,2022-01-23,551,Cash,34
691,2022-08-29,632,Cash,13
692,2022-04-05,484,Card,9
693,2022-07-05,168,Cash,4
694,2022-11-08,865,Cash,15
695,2022-11-17,554,Cash,10
696,2022-01-12,631,Apple Pay,33
697,2022-01-28,837,Cash,20
698,2022-03-17,280,Cash,31
699,2022-05-02,994,Cash,33
700,2022-03-28,26,Card,15
701,2022-11-19,634,Apple Pay,30
702,2022-07-15,849,Card,14
703,2022-07-11,299,Card,18
704,2022-12-23,407,Cash,28
705,2022-05-21,439,Card,13
706,2022-05-25,729,Card,28
707,2022-10-19,257,Card,32
708,2022-02-28,804,Cash,33
709,2022-09-04,321,Apple Pay,31
710,2022-12-21,163,Apple Pay,6
711,2022-07-04,98,Apple Pay,9
712,2022-04-10,218,Cash,1
713,2022-10-13,566,Card,16
714,2022-10-01,411,Card,12
715,2022-07-25,159,Cash,4
716,2022-01-13,411,Card,34
717,2022-06-01,507,Card,31
718,2022-07-08,678,Cash,18
719,2022-02-08,318,Apple Pay,34
720,2022-11-25,783,Apple Pay,2
721,2022-03-12,638,Apple Pay,2
722,2022-12-29,176,Apple Pay,25
723,2022-06-30,327,Card,1
724,2022-03-30,800,Card,26
725,2022-01-24,40,Cash,16
726,2022-07-10,480,Apple Pay,19
727,2022-10-28,664,Cash,29
728,2022-12-03,534,Cash,11
729,2022-04-26,493,Cash,35
730,2022-06-17,191,Card,10
731,2022-01-25,698,Apple Pay,33
732,2022-08-04,109,Apple Pay,15
733,2022-08-24,322,Cash,3
734,2022-01-24,940,Card,6
735,2022-10-02,128,Apple Pay,34
736,2022-09-04,647,Card,1
737,2022-03-30,691,Apple Pay,34
738,2022-05-09,580,Card,16
739,2022-08-08,959,Apple Pay,13
740,2022-01-13,918,Cash,30
741,2022-10-12,648,Cash,17
742,2022-06-22,49,Cash,6
743,2022-06-30,80,Card,5
744,2022-08-24,273,Apple Pay,20
745,2022-03-27,769,Cash,30
746,2022-01-01,903,Apple Pay,16
747,2022-01-07,456,Card,27
748,2022-10-04,323,Card,17
749,2022-02-01,61,Apple Pay,5
750,2022-07-11,403,Cash,30
751,2022-08-05,812,Card,19
752,2022-02-15,751,Cash,24
753,2022-01-15,131,Cash,24
754,2022-03-16,844,Cash,22
755,2022-01-20,600,Cash,8
756,2022-01-14,866,Card,27
757,2022-06-10,346,Card,24
758,2022-05-20,949,Cash,6
759,2022-05-16,740,Card,30
760,2022-04-06,387,Apple Pay,35
761,2022-07-31,258,Apple Pay,13
762,2022-08-18,188,Apple Pay,23
763,2022-02-27,473,Apple Pay,20
764,2022-07-08,168,Cash,17
765,2022-05-24,972,Cash,5
766,2022-11-14,44,Card,17
767,2022-03-02,670,Apple Pay,34
768,2022-02-27,532,Cash,15
769,2022-10-30,178,Apple Pay,16
770,2022-03-19,766,Cash,33
771,2022-09-17,211,Card,25
772,2022-06-02,625,Card,7
773,2022-07-26,771,Card,9
774,2022-10-09,872,Card,19
775,2022-02-16,558,Card,21
776,2022-03-31,647,Card,22
777,2022-04-11,57,Card,32
778,2022-01-10,826,Cash,27
779,2022-10-28,537,Cash,7
780,2022-05-25,944,Apple Pay,19
781,2022-02-14,366,Card,8
782,2022-06-25,19,Apple Pay,2
783,2022-01-30,771,Cash,31
784,2022-10-18,518,Apple Pay,34
785,2022-12-23,997,Card,31
786,2022-01-01,82,Cash,1
787,2022-06-16,612,Card,9
788,2022-09-09,74,Apple Pay,27
789,2022-11-22,552,Card,7
790,2022-11-03,933,Card,9
791,2022-11-29,322,Card,12
792,2022-05-19,805,Apple Pay,7
793,2022-09-29,470,Cash,13
794,2022-08-01,725,Cash,31
795,2022-04-15,39,Cash,35
796,2022-03-12,628,Cash,23
797,2022-02-11,646,Card,21
798,2022-01-03,841,Apple Pay,29
799,2022-07-01,868,Cash,34
800,2022-10-31,691,Cash,10
801,2022-07-04,981,Apple Pay,11
802,2022-11-06,744,Card,30
803,2022-09-01,922,Apple Pay,12
804,2022-01-22,332,Cash,7
805,2022-04-28,658,Apple Pay,3
806,2022-04-25,966,Apple Pay,17
807,2022-08-06,721,Cash,24
808,2022-07-25,636,Cash,17
809,2022-04-14,408,Card,27
810,2022-05-07,425,Cash,29
811,2022-07-30,452,Cash,32
812,2022-08-22,435,Card,2
813,2022-09-24,389,Cash,23
814,2022-11-09,625,Apple Pay,4
815,2022-01-03,239,Apple Pay,21
816,2022-11-30,71,Card,30
817,2022-04-22,197,Apple Pay,6
818,2022-09-23,255,Cash,3
819,2022-01-19,152,Card,15
820,2022-02-02,104,Apple Pay,15
821,2022-11-12,343,Card,15
822,2022-12-07,677,Card,8
823,2022-06-26,206,Apple Pay,12
824,2022-09-25,460,Card,15
825,2022-11-22,134,Cash,25
826,2022-02-21,117,Apple Pay,31
827,2022-08-01,790,Apple Pay,27
828,2022-02-04,541,Apple Pay,2
829,2022-01-19,217,Cash,35
830,2022-07-19,890,Card,4
831,2022-05-26,302,Cash,4
832,2022-10-05,599,Apple Pay,34
833,2022-04-07,570,Cash,26
834,2022-10-05,173,Apple Pay,7
835,2022-07-22,853,Card,20
836,2022-03-15,473,Apple Pay,19
837,2022-08-21,158,Card,9
838,2022-11-13,782,Card,29
839,2022-03-24,332,Card,23
840,2022-04-24,209,Apple Pay,4
841,2022-12-20,758,Cash,23
842,2022-12-14,163,Cash,25
843,2022-12-27,535,Cash,7
844,2022-02-19,658,Cash,20
845,2022-01-24,268,Cash,23
846,2022-07-13,627,Cash,25
847,2022-11-10,557,Card,16
848,2022-01-03,142,Card,21
849,2022-09-16,172,Cash,14
850,2022-08-30,673,Cash,27
851,2022-08-11,883,Apple Pay,3
852,2022-12-22,743,Apple Pay,7
853,2022-02-23,687,Cash,34
854,2022-03-31,404,Card,15
855,2022-07-25,228,Apple Pay,20
856,2022-07-03,554,Apple Pay,20
857,2022-08-06,334,Apple Pay,5
858,2022-10-15,721,Card,15
859,2022-08-04,414,Apple Pay,23
860,2022-07-27,325,Cash,10
861,2022-10-23,203,Apple Pay,1
862,2022-06-20,585,Cash,4
863,2022-11-25,132,Card,6
864,2022-05-23,124,Card,33
865,2022-12-09,528,Card,31
866,2022-11-16,690,Cash,16
867,2022-02-09,595,Apple Pay,18
868,2022-12-24,735,Apple Pay,1
869,2022-04-22,816,Cash,15
870,2022-06-08,352,Apple Pay,20
871,2022-06-28,522,Card,31
872,2022-04-08,443,Cash,7
873,2022-10-30,608,Cash,5
874,2022-08-15,142,Card,10
875,2022-08-21,219,Cash,5
876,2022-11-28,348,Card,24
877,2022-05-14,751,Cash,19
878,2022-02-13,535,Card,12
879,2022-06-21,253,Cash,20
880,2022-02-02,596,Cash,15
881,2022-05-31,831,Apple Pay,23
882,2022-02-22,178,Apple Pay,25
883,2022-07-05,253,Cash,4
884,2022-08-24,791,Cash,6
885,2022-10-04,112,Apple Pay,5
886,2022-08-31,203,Cash,16
887,2022-03-27,894,Card,15
888,2022-10-21,364,Card,7
889,2022-07-29,712,Apple Pay,6
890,2022-06-08,320,Cash,25
891,2022-08-15,709,Card,25
892,2022-06-09,921,Cash,16
893,2022-09-17,655,Card,18
894,2022-01-09,659,Apple Pay,3
895,2022-11-25,134,Apple Pay,23
896,2022-04-15,824,Cash,10
897,2022-02-07,210,Card,22
898,2022-09-11,730,Apple Pay,25
899,2022-03-23,976,Apple Pay,8
900,2022-09-25,175,Cash,27
901,2022-05-01,575,Cash,6
902,2022-04-13,11,Card,35
903,2022-07-03,630,Apple Pay,30
904,2022-04-22,837,Cash,8
905,2022-07-23,855,Card,34
906,2022-03-27,258,Cash,32
907,2022-12-21,322,Cash,30
908,2022-01-09,16,Apple Pay,5
909,2022-12-25,180,Cash,24
910,2022-10-07,598,Apple Pay,2
911,2022-05-15,985,Apple Pay,10
912,2022-04-15,556,Card,8
913,2022-04-09,469,Apple Pay,11
914,2022-10-07,543,Apple Pay,17
915,2022-03-24,906,Card,22
916,2022-03-01,139,Apple Pay,31
917,2022-08-20,508,Card,19
918,2022-08-01,658,Cash,11
919,2022-06-21,458,Apple Pay,15
920,2022-06-16,539,Card,14
921,2022-11-18,598,Cash,15
922,2022-09-24,653,Cash,22
923,2022-01-22,642,Cash,25
924,2022-06-29,637,Apple Pay,32
925,2022-02-21,368,Apple Pay,10
926,2022-07-06,607,Card,13
927,2022-06-17,635,Card,26
928,2022-04-18,370,Apple Pay,29
929,2022-12-12,244,Apple Pay,15
930,2022-12-19,503,Cash,9
931,2022-07-26,534,Apple Pay,25
932,2022-05-29,385,Apple Pay,24
933,2022-01-06,855,Cash,22
934,2022-05-11,299,Apple Pay,12
935,2022-03-31,210,Card,10
936,2022-11-16,911,Apple Pay,21
937,2022-02-18,669,Cash,19
938,2022-09-28,496,Cash,23
939,2022-12-14,446,Apple Pay,10
940,2022-08-01,719,Apple Pay,28
941,2022-10-15,520,Card,8
942,2022-03-20,496,Card,15
943,2022-05-24,575,Cash,19
944,2022-10-23,459,Cash,32
945,2022-10-04,611,Cash,35
946,2022-09-21,681,Apple Pay,32
947,2022-09-04,924,Apple Pay,12
948,2022-09-24,269,Apple Pay,32
949,2022-03-17,273,Card,1
950,2022-12-11,959,Cash,34
951,2022-07-15,520,Cash,6
952,2022-08-09,48,Cash,3
953,2022-11-28,520,Cash,14
954,2022-08-06,908,Cash,6
955,2022-09-01,799,Card,10
956,2022-04-03,755,Cash,10
957,2022-10-30,905,Card,23
958,2022-10-14,809,Apple Pay,31
959,2022-09-28,664,Apple Pay,27
960,2022-10-24,430,Cash,11
961,2022-08-23,794,Apple Pay,29
962,2022-01-01,640,Cash,2
963,2022-01-12,981,Card,28
964,2022-04-13,786,Cash,29
965,2022-04-28,224,Cash,20
966,2022-11-28,169,Apple Pay,32
967,2022-09-22,709,Card,17
968,2022-10-14,668,Apple Pay,22
969,2022-05-05,656,Cash,31
970,2022-04-15,445,Card,9
971,2022-08-07,964,Apple Pay,33
972,2022-04-07,325,Cash,25
973,2022-04-12,630,Cash,11
974,2022-09-05,127,Apple Pay,8
975,2022-10-07,830,Card,24
976,2022-10-25,148,Apple Pay,32
977,2022-01-06,282,Cash,33
978,2022-11-29,909,Cash,35
979,2022-01-11,387,Card,17
980,2022-08-25,547,Card,31
981,2022-01-25,567,Apple Pay,5
982,2022-09-05,161,Card,29
983,2022-08-21,714,Cash,27
984,2022-09-19,579,Card,10
985,2022-06-05,388,Cash,7
986,2022-05-26,908,Card,23
987,2022-04-17,391,Card,1
988,2022-03-20,492,Card,28
989,2022-06-23,537,Cash,16
990,2022-05-02,409,Card,12
991,2022-01-22,144,Cash,6
992,2022-08-03,364,Cash,11
993,2022-03-27,899,Card,1
994,2022-05-03,652,Cash,16
995,2022-01-09,567,Apple Pay,21
996,2022-01-27,939,Apple Pay,20
997,2022-08-01,956,Cash,34
998,2022-08-16,686,Apple Pay,18
999,2022-02-22,979,Cash,5
1000,2022-10-05,693,Cash,24
1001,2022-01-19,858,Card,34
1002,2022-03-10,339,Apple Pay,7
1003,2022-04-12,780,Cash,22
1004,2022-12-07,478,Apple Pay,29
1005,2022-04-24,650,Apple Pay,35
1006,2022-02-08,867,Card,2
1007,2022-10-29,512,Apple Pay,10
1008,2022-10-15,807,Apple Pay,17
1009,2022-08-27,650,Apple Pay,8
1010,2022-12-06,210,Card,20
1011,2022-05-03,682,Apple Pay,18
1012,2022-05-15,280,Card,18
1013,2022-03-05,258,Cash,24
1014,2022-03-19,932,Cash,28
1015,2022-04-24,374,Card,21
1016,2022-10-29,298,Cash,5
1017,2022-11-08,59,Card,26
1018,2022-08-13,304,Card,19
1019,2022-10-14,339,Card,35
1020,2022-03-21,858,Apple Pay,3
1021,2022-03-15,869,Apple Pay,1
1022,2022-04-11,347,Cash,18
1023,2022-01-25,324,Cash,10
1024,2022-02-25,915,Card,8
1025,2022-08-03,832,Card,6
1026,2022-06-07,718,Apple Pay,25
1027,2022-06-12,784,Cash,28
1028,2022-12-02,521,Apple Pay,26
1029,2022-07-18,224,Apple Pay,6
1030,2022-10-19,209,Cash,16
1031,2022-04-12,584,Apple Pay,33
1032,2022-05-13,23,Apple Pay,24
1033,2022-05-18,582,Card,23
1034,2022-02-09,74,Cash,17
1035,2022-09-18,599,Card,12
1036,2022-09-20,603,Apple Pay,31
1037,2022-09-23,354,Apple Pay,7
1038,2022-05-21,226,Card,25
1039,2022-08-03,589,Card,30
1040,2022-06-02,32,Cash,16
1041,2022-06-21,82,Card,5
1042,2022-07-20,740,Card,7
1043,2022-03-27,783,Apple Pay,3
1044,2022-07-13,566,Card,25
1045,2022-05-20,779,Card,17
1046,2022-01-26,945,Cash,20
1047,2022-08-08,449,Cash,13
1048,2022-02-26,612,Cash,18
1049,2022-11-10,60,Card,20
1050,2022-02-26,171,Card,2
1051,2022-02-07,776,Cash,1
1052,2022-04-06,427,Apple Pay,4
1053,2022-11-10,904,Apple Pay,15
1054,2022-12-26,798,Cash,34
1055,2022-01-25,492,Cash,26
1056,2022-08-17,411,Cash,30
1057,2022-01-23,374,Apple Pay,26
1058,2022-03-02,23,Cash,14
1059,2022-11-03,873,Card,6
1060,2022-02-06,392,Cash,14
1061,2022-12-06,491,Cash,32
1062,2022-03-20,780,Apple Pay,28
1063,2022-02-08,879,Card,1
1064,2022-02-03,766,Apple Pay,31
1065,2022-05-04,518,Card,16
1066,2022-08-01,508,Cash,3
1067,2022-08-12,218,Apple Pay,7
1068,2022-08-06,932,Card,9
1069,2022-10-18,837,Cash,14
1070,2022-06-06,350,Apple Pay,6
1071,2022-07-05,148,Cash,18
1072,2022-01-07,312,Card,19
1073,2022-12-03,943,Apple Pay,21
1074,2022-01-02,362,Card,17
1075,2022-09-24,598,Apple Pay,13
1076,2022-09-19,537,Cash,20
1077,2022-12-01,465,Apple Pay,20
1078,2022-03-10,591,Card,34
1079,2022-10-04,15,Card,33
1080,2022-04-01,397,Cash,16
1081,2022-06-06,281,Cash,24
1082,2022-01-03,691,Card,9
1083,2022-12-16,286,Cash,31
1084,2022-04-01,185,Apple Pay,24
1085,2022-04-10,685,Apple Pay,14
1086,2022-05-26,455,Cash,34
1087,2022-10-09,16,Apple Pay,28
1088,2022-01-23,458,Apple Pay,23
1089,2022-06-03,439,Cash,1
1090,2022-01-15,193,Cash,15
1091,2022-08-28,324,Apple Pay,19
1092,2022-01-16,347,Apple Pay,34
1093,2022-02-05,717,Cash,11
1094,2022-04-03,480,Card,20
1095,2022-09-28,996,Cash,20
1096,2022-12-18,771,Card,16
1097,2022-05-02,800,Cash,26
1098,2022-09-28,118,Card,33
1099,2022-05-22,745,Apple Pay,5
1100,2022-09-05,916,Cash,33
1101,2022-02-19,938,Card,26
1102,2022-06-09,597,Cash,7
1103,2022-03-16,753,Card,7
1104,2022-12-28,309,Cash,27
1105,2022-10-22,35,Card,23
1106,2022-06-12,379,Apple Pay,14
1107,2022-01-31,311,Card,3
1108,2022-01-14,830,Cash,4
1109,2022-04-01,573,Cash,24
1110,2022-02-12,482,Card,20
1111,2022-08-10,65,Cash,25
1112,2022-02-24,873,Cash,19
1113,2022-07-18,490,Apple Pay,29
1114,2022-02-06,911,Apple Pay,16
1115,2022-07-18,336,Cash,16
1116,2022-03-21,379,Apple Pay,13
1117,2022-11-13,703,Card,34
1118,2022-07-10,763,Cash,23
1119,2022-07-08,978,Apple Pay,30
1120,2022-05-04,705,Cash,26
1121,2022-03-18,711,Cash,31
1122,2022-09-14,600,Card,12
1123,2022-10-12,579,Card,7
1124,2022-04-17,557,Cash,34
1125,2022-05-28,404,Cash,29
1126,2022-01-22,179,Apple Pay,27
1127,2022-03-08,987,Card,2
1128,2022-05-19,282,Cash,16
1129,2022-12-13,237,Card,28
1130,2022-09-27,599,Card,33
1131,2022-04-02,304,Cash,17
1132,2022-09-28,802,Apple Pay,17
1133,2022-11-21,338,Card,16
1134,2022-01-11,425,Cash,3
1135,2022-03-01,355,Cash,1
1136,2022-04-11,334,Apple Pay,10
1137,2022-04-29,581,Apple Pay,24
1138,2022-04-22,578,Card,3
1139,2022-04-17,772,Cash,29
1140,2022-05-19,384,Apple Pay,20
1141,2022-04-10,63,Cash,17
1142,2022-05-14,625,Cash,26
1143,2022-02-06,186,Cash,11
1144,2022-06-29,935,Cash,25
1145,2022-09-08,919,Apple Pay,19
1146,2022-11-15,43,Cash,17
1147,2022-03-17,433,Card,26
1148,2022-10-30,376,Card,28
1149,2022-02-15,44,Card,35
1150,2022-06-28,533,Apple Pay,32
1151,2022-05-27,996,Apple Pay,23
1152,2022-03-16,786,Cash,30
1153,2022-11-13,295,Card,17
1154,2022-02-24,779,Card,12
1155,2022-04-21,446,Card,9
1156,2022-09-19,281,Cash,8
1157,2022-11-04,728,Cash,1
1158,2022-09-10,479,Cash,14
1159,2022-04-29,233,Card,7
1160,2022-07-28,617,Card,5
1161,2022-02-21,721,Cash,8
1162,2022-11-11,235,Apple Pay,12
1163,2022-07-21,836,Apple Pay,28
1164,2022-09-05,742,Card,11
1165,2022-07-26,635,Cash,19
1166,2022-04-02,57,Cash,11
1167,2022-09-28,368,Cash,10
1168,2022-09-08,625,Card,16
1169,2022-01-01,311,Apple Pay,26
1170,2022-12-03,76,Apple Pay,22
1171,2022-01-29,156,Card,6
1172,2022-06-10,542,Apple Pay,33
1173,2022-04-28,941,Card,15
1174,2022-08-13,922,Card,31
1175,2022-08-11,912,Card,19
1176,2022-02-20,857,Apple Pay,7
1177,2022-10-23,733,Cash,15
1178,2022-06-08,936,Card,18
1179,2022-05-14,353,Card,2
1180,2022-05-18,612,Apple Pay,6
1181,2022-08-28,440,Card,3
1182,2022-10-28,865,Apple Pay,10
1183,2022-12-08,231,Cash,28
1184,2022-06-29,268,Card,35
1185,2022-04-25,229,Apple Pay,10
1186,2022-10-21,156,Apple Pay,22
1187,2022-12-05,659,Cash,8
1188,2022-10-01,886,Cash,33
1189,2022-10-01,70,Apple Pay,34
1190,2022-09-15,370,Cash,2
1191,2022-04-04,938,Apple Pay,6
1192,2022-06-07,237,Card,21
1193,2022-02-06,872,Cash,34
1194,2022-05-19,695,Apple Pay,6
1195,2022-03-03,199,Cash,6
1196,2022-09-14,6,Cash,6
1197,2022-02-22,935,Apple Pay,19
1198,2022-06-19,925,Card,23
1199,2022-03-09,829,Card,10
1200,2022-01-16,289,Cash,5
1201,2022-02-24,606,Cash,5
1202,2022-08-19,247,Apple Pay,35
1203,2022-06-23,259,Cash,1
1204,2022-05-22,668,Cash,24
1205,2022-11-11,986,Apple Pay,14
1206,2022-04-14,974,Card,22
1207,2022-11-13,651,Cash,31
1208,2022-03-29,551,Card,35
1209,2022-12-19,781,Apple Pay,14
1210,2022-09-14,296,Card,5
1211,2022-09-27,943,Cash,15
1212,2022-03-26,215,Apple Pay,11
1213,2022-03-11,676,Apple Pay,17
1214,2022-08-06,235,Cash,19
1215,2022-01-27,850,Apple Pay,29
1216,2022-04-17,318,Cash,26
1217,2022-04-03,320,Cash,28
1218,2022-09-22,646,Apple Pay,6
1219,2022-10-02,325,Cash,34
1220,2022-09-23,348,Apple Pay,26
1221,2022-12-06,565,Card,6
1222,2022-09-18,717,Apple Pay,5
1223,2022-02-24,174,Apple Pay,1
1224,2022-08-25,952,Cash,35
1225,2022-07-19,508,Cash,22
1226,2022-12-25,493,Apple Pay,21
1227,2022-05-29,26,Cash,29
1228,2022-07-10,105,Apple Pay,30
1229,2022-03-28,143,Cash,8
1230,2022-11-13,928,Card,28
1231,2022-02-10,883,Card,10
1232,2022-10-18,226,Cash,11
1233,2022-04-03,253,Cash,35
1234,2022-11-26,512,Apple Pay,27
1235,2022-01-13,541,Cash,14
1236,2022-01-26,285,Card,4
1237,2022-08-18,695,Card,13
1238,2022-04-07,338,Apple Pay,29
1239,2022-01-31,975,Card,24
1240,2022-01-15,66,Cash,10
1241,2022-10-23,175,Apple Pay,14
1242,2022-05-01,762,Card,1
1243,2022-02-06,392,Cash,18
1244,2022-05-29,438,Cash,21
1245,2022-03-03,625,Apple Pay,10
1246,2022-04-04,573,Cash,26
1247,2022-08-19,594,Card,10
1248,2022-06-28,229,Apple Pay,12
1249,2022-01-21,795,Card,18
1250,2022-02-12,784,Cash,8
1251,2022-04-05,450,Cash,3
1252,2022-02-12,590,Card,25
1253,2022-10-17,855,Cash,4
1254,2022-04-16,825,Card,14
1255,2022-04-30,818,Apple Pay,13
1256,2022-03-08,907,Apple Pay,28
1257,2022-08-17,930,Cash,10
1258,2022-09-05,211,Apple Pay,18
1259,2022-08-21,833,Cash,5
1260,2022-05-03,875,Card,17
1261,2022-12-28,519,Cash,31
1262,2022-01-03,156,Card,2
1263,2022-11-25,609,Cash,19
1264,2022-08-03,276,Apple Pay,2
1265,2022-03-03,814,Cash,20
1266,2022-03-16,639,Cash,16
1267,2022-03-14,496,Cash,17
1268,2022-11-19,512,Apple Pay,10
1269,2022-09-19,33,Card,19
1270,2022-08-27,292,Card,29
1271,2022-10-22,11,Card,21
1272,2022-12-30,710,Card,29
1273,2022-09-01,571,Card,2
1274,2022-06-21,468,Apple Pay,10
1275,2022-12-12,846,Card,12
1276,2022-06-26,836,Card,14
1277,2022-11-06,351,Cash,24
1278,2022-06-09,989,Card,7
1279,2022-04-15,684,Cash,33
1280,2022-04-23,866,Cash,21
1281,2022-04-19,651,Apple Pay,30
1282,2022-06-14,66,Card,35
1283,2022-02-04,48,Apple Pay,11
1284,2022-09-25,45,Card,7
1285,2022-01-15,276,Apple Pay,6
1286,2022-02-22,481,Cash,22
1287,2022-10-07,66,Apple Pay,18
1288,2022-04-11,132,Card,18
1289,2022-09-27,565,Apple Pay,11
1290,2022-02-08,232,Apple Pay,19
1291,2022-11-20,324,Card,3
1292,2022-01-04,959,Cash,8
1293,2022-01-10,583,Apple Pay,13
1294,2022-08-03,176,Apple Pay,1
1295,2022-06-06,133,Cash,25
1296,2022-02-28,17,Cash,35
1297,2022-12-16,246,Apple Pay,34
1298,2022-05-14,405,Cash,6
1299,2022-07-31,274,Apple Pay,34
1300,2022-10-19,756,Card,3
1301,2022-01-16,222,Card,14
1302,2022-09-24,379,Apple Pay,30
1303,2022-03-02,752,Cash,9
1304,2022-05-26,226,Apple Pay,13
1305,2022-05-03,812,Card,12
1306,2022-08-13,719,Cash,11
1307,2022-06-10,428,Cash,10
1308,2022-02-21,948,Cash,35
1309,2022-01-17,328,Apple Pay,10
1310,2022-05-21,966,Card,2
1311,2022-11-19,961,Apple Pay,13
1312,2022-06-01,317,Card,8
1313,2022-03-15,162,Card,26
1314,2022-11-25,412,Apple Pay,22
1315,2022-08-21,335,Apple Pay,31
1316,2022-02-08,262,Card,24
1317,2022-03-04,978,Cash,9
1318,2022-08-01,619,Card,23
1319,2022-01-18,634,Card,35
1320,2022-07-11,337,Cash,5
1321,2022-10-28,143,Cash,7
1322,2022-07-11,767,Cash,10
1323,2022-04-02,185,Apple Pay,27
1324,2022-12-23,702,Card,22
1325,2022-03-23,887,Card,2
1326,2022-10-21,158,Card,13
1327,2022-02-28,269,Cash,13
1328,2022-11-09,406,Card,11
1329,2022-10-07,267,Cash,2
1330,2022-07-29,379,Apple Pay,31
1331,2022-06-28,308,Card,27
1332,2022-11-12,11,Card,32
1333,2022-11-29,827,Card,27
1334,2022-06-11,983,Card,11
1335,2022-05-04,150,Apple Pay,29
1336,2022-07-09,259,Card,7
1337,2022-11-13,635,Apple Pay,12
1338,2022-04-18,633,Cash,17
1339,2022-05-19,233,Apple Pay,35
1340,2022-01-14,938,Cash,20
1341,2022-09-01,980,Apple Pay,7
1342,2022-04-07,155,Cash,34
1343,2022-11-10,865,Card,8
1344,2022-11-10,161,Cash,10
1345,2022-09-23,873,Card,9
1346,2022-05-08,725,Card,25
1347,2022-02-15,468,Apple Pay,6
1348,2022-12-03,839,Apple Pay,18
1349,2022-07-21,278,Card,35
1350,2022-09-11,380,Apple Pay,5
1351,2022-06-28,152,Cash,30
1352,2022-08-16,220,Apple Pay,35
1353,2022-12-05,520,Card,12
1354,2022-07-17,113,Card,9
1355,2022-10-25,696,Card,3
1356,2022-12-02,356,Apple Pay,12
1357,2022-10-25,684,Card,27
1358,2022-11-10,689,Apple Pay,3
1359,2022-03-24,197,Apple Pay,32
1360,2022-05-22,711,Cash,24
1361,2022-02-15,569,Cash,1
1362,2022-04-27,872,Card,20
1363,2022-09-09,466,Apple Pay,6
1364,2022-11-03,870,Apple Pay,9
1365,2022-12-08,725,Card,8
1366,2022-11-19,280,Card,31
1367,2022-06-07,861,Cash,18
1368,2022-11-18,563,Card,23
1369,2022-11-12,666,Card,8
1370,2022-07-24,700,Cash,10
1371,2022-02-13,267,Card,17
1372,2022-07-08,946,Card,8
1373,2022-04-26,142,Apple Pay,4
1374,2022-04-12,558,Card,20
1375,2022-03-12,313,Card,35
1376,2022-02-24,396,Cash,23
1377,2022-06-08,889,Cash,17
1378,2022-01-03,718,Apple Pay,10
1379,2022-02-01,389,Apple Pay,1
1380,2022-04-21,245,Apple Pay,18
1381,2022-02-05,134,Card,2
1382,2022-09-16,695,Cash,32
1383,2022-09-19,862,Apple Pay,33
1384,2022-04-02,316,Cash,32
1385,2022-01-19,983,Apple Pay,28
1386,2022-02-18,817,Apple Pay,2
1387,2022-02-08,431,Cash,12
1388,2022-07-17,132,Cash,17
1389,2022-10-30,571,Card,2
1390,2022-07-14,210,Apple Pay,29
1391,2022-10-01,669,Apple Pay,34
1392,2022-03-20,754,Card,4
1393,2022-05-26,3,Card,33
1394,2022-07-28,645,Apple Pay,2
1395,2022-09-21,445,Cash,11
1396,2022-10-15,48,Card,14
1397,2022-07-11,582,Card,32
1398,2022-05-26,265,Card,11
1399,2022-10-26,990,Apple Pay,15
1400,2022-02-22,557,Card,6
1401,2022-07-25,813,Cash,14
1402,2022-11-01,98,Apple Pay,10
1403,2022-03-20,660,Apple Pay,2
1404,2022-06-29,275,Cash,27
1405,2022-02-04,991,Cash,30
1406,2022-12-29,666,Cash,31
1407,2022-06-25,845,Card,16
1408,2022-01-11,763,Card,13
1409,2022-03-10,269,Card,8
1410,2022-05-13,392,Card,9
1411,2022-04-26,912,Card,1
1412,2022-06-21,934,Apple Pay,11
1413,2022-03-16,967,Apple Pay,27
1414,2022-04-05,578,Apple Pay,22
1415,2022-08-23,424,Card,6
1416,2022-08-26,894,Card,4
1417,2022-03-24,486,Cash,8
1418,2022-12-07,909,Card,16
1419,2022-06-22,86,Card,10
1420,2022-08-30,201,Card,33
1421,2022-11-07,489,Cash,12
1422,2022-03-15,521,Card,5
1423,2022-10-09,542,Apple Pay,16
1424,2022-06-29,600,Apple Pay,9
1425,2022-04-19,853,Card,26
1426,2022-03-23,855,Card,34
1427,2022-10-23,888,Card,11
1428,2022-09-13,723,Apple Pay,35
1429,2022-10-28,201,Apple Pay,4
1430,2022-01-12,383,Cash,29
1431,2022-12-14,555,Cash,8
1432,2022-08-10,480,Apple Pay,23
1433,2022-02-16,898,Card,15
1434,2022-06-22,609,Card,4
1435,2022-02-23,292,Cash,11
1436,2022-02-02,685,Cash,35
1437,2022-04-14,516,Apple Pay,14
1438,2022-12-08,60,Card,33
1439,2022-09-13,639,Apple Pay,14
1440,2022-12-27,643,Cash,1
1441,2022-09-22,187,Card,15
1442,2022-03-02,893,Card,34
1443,2022-10-23,447,Apple Pay,20
1444,2022-01-19,573,Cash,32
1445,2022-04-01,600,Apple Pay,8
1446,2022-06-23,147,Cash,9
1447,2022-11-11,93,Apple Pay,27
1448,2022-07-28,909,Cash,13
1449,2022-06-23,109,Card,4
1450,2022-11-08,293,Card,4
1451,2022-07-13,752,Apple Pay,19
1452,2022-10-28,189,Cash,1
1453,2022-10-08,446,Cash,35
1454,2022-11-22,156,Cash,24
1455,2022-09-19,934,Cash,3
1456,2022-06-04,276,Apple Pay,17
1457,2022-05-06,66,Card,5
1458,2022-09-14,403,Apple Pay,26
1459,2022-04-07,573,Card,24
1460,2022-05-17,753,Card,1
1461,2022-09-09,263,Card,21
1462,2022-07-16,253,Card,20
1463,2022-11-26,961,Apple Pay,24
1464,2022-12-06,398,Card,8
1465,2022-10-08,732,Cash,2
1466,2022-06-15,331,Card,15
1467,2022-01-28,302,Card,30
1468,2022-05-25,781,Cash,9
1469,2022-05-23,983,Card,30
1470,2022-09-17,388,Apple Pay,23
1471,2022-02-13,624,Cash,26
1472,2022-09-07,924,Card,3
1473,2022-01-03,573,Apple Pay,6
1474,2022-01-31,45,Card,10
1475,2022-03-17,454,Apple Pay,11
1476,2022-07-31,936,Apple Pay,15
1477,2022-02-26,542,Card,2
1478,2022-11-20,30,Cash,25
1479,2022-04-18,25,Card,33
1480,2022-07-26,395,Card,29
1481,2022-04-10,176,Card,19
1482,2022-01-12,262,Cash,25
1483,2022-02-07,934,Cash,19
1484,2022-03-07,696,Cash,7
1485,2022-12-16,158,Cash,34
1486,2022-07-05,785,Card,14
1487,2022-05-09,439,Cash,19
1488,2022-09-22,295,Cash,33
1489,2022-03-28,284,Card,8
1490,2022-12-30,492,Cash,20
1491,2022-01-01,938,Apple Pay,21
1492,2022-02-25,105,Cash,12
1493,2022-06-09,862,Card,18
1494,2022-07-14,206,Cash,9
1495,2022-05-09,713,Apple Pay,28
1496,2022-04-04,335,Apple Pay,35
1497,2022-02-23,642,Card,16
1498,2022-03-05,632,Apple Pay,29
1499,2022-02-27,415,Cash,22
1500,2022-10-28,541,Cash,24
1501,2022-02-28,62,Card,32
1502,2022-04-28,290,Card,20
1503,2022-12-06,713,Apple Pay,14
1504,2022-07-17,987,Apple Pay,22
1505,2022-02-01,51,Card,34
1506,2022-03-01,786,Cash,10
1507,2022-07-25,460,Cash,16
1508,2022-05-13,630,Card,16
1509,2022-10-04,355,Cash,23
1510,2022-03-17,579,Cash,4
1511,2022-04-12,778,Apple Pay,17
1512,2022-05-18,669,Card,31
1513,2022-08-09,687,Apple Pay,21
1514,2022-01-27,95,Apple Pay,28
1515,2022-04-26,56,Card,26
1516,2022-01-27,781,Cash,21
1517,2022-02-01,858,Apple Pay,1
1518,2022-04-02,971,Card,2
1519,2022-08-08,848,Card,26
1520,2022-01-25,813,Apple Pay,2
1521,2022-02-08,331,Cash,8
1522,2022-06-28,284,Cash,25
1523,2022-04-18,173,Cash,31
1524,2022-12-26,968,Cash,3
1525,2022-12-27,892,Cash,3
1526,2022-06-30,643,Apple Pay,7
1527,2022-10-22,624,Apple Pay,18
1528,2022-01-31,741,Card,27
1529,2022-02-02,505,Apple Pay,32
1530,2022-05-13,676,Cash,29
1531,2022-02-06,206,Card,2
1532,2022-12-19,105,Card,35
1533,2022-11-29,567,Cash,34
1534,2022-10-31,734,Cash,1
1535,2022-04-16,613,Cash,25
1536,2022-02-09,897,Cash,14
1537,2022-07-07,899,Card,14
1538,2022-05-15,405,Apple Pay,11
1539,2022-04-17,827,Apple Pay,22
1540,2022-11-06,337,Apple Pay,26
1541,2022-04-10,271,Card,8
1542,2022-02-19,741,Cash,12
1543,2022-09-19,706,Apple Pay,5
1544,2022-10-02,136,Card,25
1545,2022-01-15,385,Apple Pay,6
1546,2022-11-03,965,Apple Pay,20
1547,2022-10-29,627,Apple Pay,8
1548,2022-10-08,1000,Card,17
1549,2022-04-29,183,Cash,23
1550,2022-05-03,940,Card,20
1551,2022-11-13,485,Apple Pay,31
1552,2022-01-19,646,Apple Pay,7
1553,2022-05-23,199,Cash,12
1554,2022-01-28,100,Card,35
1555,2022-09-20,76,Apple Pay,26
1556,2022-12-06,462,Apple Pay,29
1557,2022-10-17,402,Apple Pay,5
1558,2022-08-19,876,Apple Pay,26
1559,2022-05-15,30,Card,9
1560,2022-01-07,808,Apple Pay,16
1561,2022-12-23,816,Cash,27
1562,2022-11-17,332,Card,1
1563,2022-10-25,782,Card,1
1564,2022-08-08,687,Apple Pay,4
1565,2022-09-07,447,Apple Pay,14
1566,2022-07-01,402,Cash,32
1567,2022-09-30,159,Apple Pay,10
1568,2022-04-24,425,Card,12
1569,2022-03-26,411,Apple Pay,20
1570,2022-10-11,382,Cash,18
1571,2022-02-02,152,Apple Pay,14
1572,2022-07-30,364,Apple Pay,35
1573,2022-07-04,621,Cash,18
1574,2022-07-28,903,Card,17
1575,2022-06-06,897,Card,10
1576,2022-10-18,498,Apple Pay,20
1577,2022-10-18,490,Apple Pay,10
1578,2022-02-01,133,Apple Pay,20
1579,2022-02-06,531,Card,15
1580,2022-06-01,117,Apple Pay,10
1581,2022-05-12,264,Cash,22
1582,2022-12-01,480,Card,32
1583,2022-12-01,451,Apple Pay,2
1584,2022-08-05,209,Card,4
1585,2022-04-20,863,Card,26
1586,2022-12-27,753,Apple Pay,27
1587,2022-07-21,553,Card,19
1588,2022-03-07,415,Card,7
1589,2022-12-24,376,Card,6
1590,2022-06-06,430,Card,21
1591,2022-02-22,163,Cash,2
1592,2022-09-08,57,Cash,13
1593,2022-10-13,181,Card,34
1594,2022-10-04,209,Apple Pay,15
1595,2022-04-26,953,Card,8
1596,2022-07-23,925,Apple Pay,25
1597,2022-05-13,357,Apple Pay,10
1598,2022-06-07,235,Cash,4
1599,2022-04-21,590,Cash,25
1600,2022-07-17,645,Card,28
1601,2022-04-20,234,Card,23
1602,2022-04-07,867,Cash,29
1603,2022-05-02,935,Card,7
1604,2022-10-19,570,Apple Pay,30
1605,2022-10-01,463,Apple Pay,22
1606,2022-02-24,15,Apple Pay,33
1607,2022-11-02,693,Cash,1
1608,2022-01-13,117,Card,7
1609,2022-02-27,278,Cash,3
1610,2022-03-06,897,Card,17
1611,2022-03-09,586,Card,30
1612,2022-07-28,113,Cash,31
1613,2022-10-08,739,Card,26
1614,2022-08-08,902,Cash,33
1615,2022-09-27,165,Card,16
1616,2022-02-23,696,Cash,14
1617,2022-03-16,716,Apple Pay,9
1618,2022-01-14,810,Cash,4
1619,2022-12-08,811,Card,30
1620,2022-07-15,851,Cash,8
1621,2022-07-26,699,Cash,1
1622,2022-01-24,955,Cash,21
1623,2022-06-09,605,Card,33
1624,2022-12-19,989,Apple Pay,34
1625,2022-08-25,150,Cash,7
1626,2022-11-16,514,Card,30
1627,2022-12-13,337,Apple Pay,27
1628,2022-04-13,883,Card,24
1629,2022-04-09,726,Apple Pay,31
1630,2022-06-12,981,Apple Pay,25
1631,2022-11-02,401,Apple Pay,4
1632,2022-01-21,446,Cash,30
1633,2022-11-25,193,Apple Pay,33
1634,2022-06-26,840,Card,11
1635,2022-08-25,133,Card,2
1636,2022-02-08,24,Apple Pay,30
1637,2022-04-15,670,Cash,18
1638,2022-08-21,689,Cash,13
1639,2022-03-02,866,Cash,29
1640,2022-11-16,6,Cash,32
1641,2022-05-31,338,Card,24
1642,2022-03-24,429,Cash,25
1643,2022-05-29,835,Apple Pay,12
1644,2022-05-31,212,Card,5
1645,2022-11-24,217,Card,31
1646,2022-04-21,925,Apple Pay,14
1647,2022-09-01,404,Cash,9
1648,2022-10-29,198,Card,27
1649,2022-09-18,341,Apple Pay,12
1650,2022-03-25,988,Cash,8
1651,2022-03-02,908,Cash,15
1652,2022-06-29,231,Card,17
1653,2022-01-17,108,Apple Pay,28
1654,2022-12-25,795,Card,10
1655,2022-03-17,112,Cash,16
1656,2022-12-29,741,Apple Pay,7
1657,2022-12-08,628,Apple Pay,7
1658,2022-05-05,188,Apple Pay,15
1659,2022-07-27,745,Cash,19
1660,2022-04-16,611,Card,34
1661,2022-09-16,799,Cash,29
1662,2022-06-18,704,Cash,13
1663,2022-06-04,393,Card,2
1664,2022-08-11,477,Apple Pay,23
1665,2022-09-13,119,Card,3
1666,2022-07-31,372,Apple Pay,33
1667,2022-08-29,148,Apple Pay,22
1668,2022-03-26,256,Card,18
1669,2022-10-22,848,Card,1
1670,2022-11-06,412,Card,1
1671,2022-09-13,385,Card,5
1672,2022-08-28,988,Apple Pay,24
1673,2022-08-30,410,Card,28
1674,2022-03-31,925,Apple Pay,28
1675,2022-07-10,109,Cash,4
1676,2022-05-09,544,Cash,25
1677,2022-12-16,99,Card,2
1678,2022-02-21,240,Cash,23
1679,2022-12-20,678,Cash,27
1680,2022-05-04,734,Cash,30
1681,2022-08-27,418,Cash,21
1682,2022-09-05,761,Apple Pay,3
1683,2022-01-14,568,Apple Pay,1
1684,2022-06-20,671,Cash,27
1685,2022-01-25,761,Apple Pay,16
1686,2022-03-23,597,Apple Pay,23
1687,2022-01-05,33,Cash,10
1688,2022-01-17,388,Card,33
1689,2022-05-19,54,Apple Pay,15
1690,2022-08-08,995,Apple Pay,14
1691,2022-08-22,187,Cash,3
1692,2022-06-03,775,Cash,25
1693,2022-04-01,451,Apple Pay,11
1694,2022-12-18,694,Card,24
1695,2022-05-25,629,Cash,5
1696,2022-10-30,828,Card,17
1697,2022-07-07,913,Cash,9
1698,2022-06-03,515,Apple Pay,13
1699,2022-09-24,778,Card,18
1700,2022-01-31,911,Card,13
1701,2022-09-09,916,Card,1
1702,2022-03-14,497,Cash,2
1703,2022-09-27,221,Card,23
1704,2022-11-25,275,Apple Pay,10
1705,2022-10-08,893,Card,10
1706,2022-11-28,682,Card,15
1707,2022-07-30,130,Card,5
1708,2022-07-03,982,Card,12
1709,2022-03-23,106,Apple Pay,3
1710,2022-08-30,11,Card,14
1711,2022-05-28,207,Apple Pay,24
1712,2022-07-25,698,Card,15
1713,2022-10-21,857,Apple Pay,14
1714,2022-10-11,966,Cash,7
1715,2022-09-14,890,Cash,7
1716,2022-07-15,517,Apple Pay,25
1717,2022-03-16,367,Apple Pay,22
1718,2022-01-13,304,Apple Pay,5
1719,2022-11-04,507,Apple Pay,29
1720,2022-05-19,626,Cash,25
1721,2022-08-23,986,Cash,31
1722,2022-02-26,267,Apple Pay,22
1723,2022-09-20,452,Card,6
1724,2022-11-05,553,Cash,25
1725,2022-10-21,768,Card,18
1726,2022-09-20,690,Cash,33
1727,2022-10-16,535,Card,6
1728,2022-04-25,648,Apple Pay,17
1729,2022-08-20,372,Card,27
1730,2022-07-07,449,Cash,15
1731,2022-12-04,14,Cash,34
1732,2022-04-27,665,Card,20
1733,2022-10-18,292,Cash,25
1734,2022-02-17,370,Cash,14
1735,2022-10-05,424,Card,30
1736,2022-06-06,308,Cash,1
1737,2022-04-20,133,Card,10
1738,2022-09-07,169,Cash,17
1739,2022-02-19,79,Cash,2
1740,2022-07-20,629,Card,15
1741,2022-08-19,465,Card,23
1742,2022-10-09,694,Apple Pay,12
1743,2022-02-03,288,Apple Pay,14
1744,2022-10-12,761,Card,4
1745,2022-10-10,584,Cash,30
1746,2022-09-01,816,Cash,34
1747,2022-07-08,642,Card,30
1748,2022-11-08,170,Apple Pay,11
1749,2022-11-05,989,Card,10
1750,2022-11-29,786,Cash,12
1751,2022-01-02,649,Card,25
1752,2022-11-08,59,Card,26
1753,2022-09-24,705,Apple Pay,7
1754,2022-04-08,425,Apple Pay,14
1755,2022-01-14,317,Apple Pay,20
1756,2022-06-05,155,Cash,2
1757,2022-01-23,207,Apple Pay,28
1758,2022-12-06,978,Card,35
1759,2022-06-26,896,Apple Pay,18
1760,2022-11-13,536,Cash,2
1761,2022-10-09,653,Apple Pay,6
1762,2022-01-09,188,Card,35
1763,2022-10-26,518,Card,29
1764,2022-08-05,927,Card,23
1765,2022-01-09,434,Apple Pay,14
1766,2022-05-25,854,Card,29
1767,2022-08-03,270,Apple Pay,11
1768,2022-12-30,89,Card,19
1769,2022-02-21,336,Card,20
1770,2022-01-23,102,Apple Pay,10
1771,2022-03-24,365,Card,27
1772,2022-12-13,476,Apple Pay,3
1773,2022-02-19,259,Apple Pay,7
1774,2022-01-21,124,Apple Pay,26
1775,2022-09-21,829,Apple Pay,20
1776,2022-04-07,675,Card,35
1777,2022-04-30,646,Apple Pay,10
1778,2022-05-08,570,Cash,19
1779,2022-11-14,618,Apple Pay,25
1780,2022-09-18,906,Cash,8
1781,2022-05-23,614,Cash,18
1782,2022-08-24,71,Apple Pay,2
1783,2022-09-23,969,Card,9
1784,2022-02-23,306,Card,16
1785,2022-07-07,17,Card,5
1786,2022-12-23,534,Apple Pay,10
1787,2022-05-13,116,Cash,14
1788,2022-01-27,608,Cash,27
1789,2022-07-30,620,Card,11
1790,2022-04-26,24,Apple Pay,3
1791,2022-05-18,364,Apple Pay,8
1792,2022-02-11,383,Cash,2
1793,2022-07-29,147,Apple Pay,28
1794,2022-04-19,227,Card,33
1795,2022-12-17,590,Cash,6
1796,2022-08-05,820,Card,19
1797,2022-02-08,659,Cash,13
1798,2022-11-24,108,Apple Pay,35
1799,2022-12-23,980,Apple Pay,33
1800,2022-02-26,250,Apple Pay,7
1801,2022-10-27,210,Cash,18
1802,2022-05-18,424,Apple Pay,22
1803,2022-11-08,373,Apple Pay,29
1804,2022-04-27,586,Cash,28
1805,2022-05-27,226,Card,4
1806,2022-08-05,781,Cash,30
1807,2022-05-19,944,Apple Pay,30
1808,2022-03-01,798,Cash,3
1809,2022-11-19,311,Card,13
1810,2022-10-22,421,Card,16
1811,2022-02-02,635,Apple Pay,7
1812,2022-10-16,780,Apple Pay,23
1813,2022-11-10,916,Cash,14
1814,2022-09-18,271,Card,29
1815,2022-01-20,400,Cash,7
1816,2022-07-05,343,Cash,15
1817,2022-09-02,599,Cash,29
1818,2022-05-07,731,Cash,35
1819,2022-09-16,883,Card,3
1820,2022-01-14,417,Cash,10
1821,2022-10-26,205,Cash,33
1822,2022-02-14,233,Card,18
1823,2022-11-09,980,Apple Pay,27
1824,2022-01-05,829,Apple Pay,23
1825,2022-08-10,579,Cash,18
1826,2022-12-08,813,Card,5
1827,2022-04-06,67,Card,18
1828,2022-08-14,375,Card,34
1829,2022-08-16,363,Cash,8
1830,2022-11-29,513,Apple Pay,2
1831,2022-12-16,843,Apple Pay,27
1832,2022-06-25,587,Apple Pay,17
1833,2022-04-20,906,Card,31
1834,2022-08-15,72,Card,10
1835,2022-10-30,70,Cash,19
1836,2022-05-11,973,Apple Pay,17
1837,2022-11-23,686,Card,10
1838,2022-06-29,555,Card,8
1839,2022-10-04,744,Cash,26
1840,2022-04-25,60,Card,31
1841,2022-06-29,848,Card,29
1842,2022-07-04,159,Card,16
1843,2022-09-24,701,Card,32
1844,2022-02-06,785,Apple Pay,15
1845,2022-02-26,238,Card,29
1846,2022-09-26,184,Cash,16
1847,2022-04-21,331,Card,3
1848,2022-11-23,968,Cash,15
1849,2022-03-17,702,Apple Pay,1
1850,2022-12-14,685,Apple Pay,18
1851,2022-12-30,459,Card,16
1852,2022-12-15,537,Card,29
1853,2022-03-22,153,Card,22
1854,2022-11-04,469,Apple Pay,13
1855,2022-03-31,131,Apple Pay,22
1856,2022-12-21,321,Apple Pay,25
1857,2022-11-13,794,Cash,24
1858,2022-05-14,272,Card,6
1859,2022-04-18,706,Apple Pay,12
1860,2022-05-30,529,Apple Pay,12
1861,2022-06-09,889,Cash,22
1862,2022-03-01,583,Card,16
1863,2022-10-16,400,Cash,23
1864,2022-08-31,187,Apple Pay,22
1865,2022-03-13,443,Apple Pay,16
1866,2022-02-14,867,Card,35
1867,2022-06-23,269,Cash,12
1868,2022-10-17,214,Card,31
1869,2022-09-21,46,Apple Pay,24
1870,2022-02-15,29,Cash,4
1871,2022-09-07,138,Card,27
1872,2022-03-10,197,Cash,11
1873,2022-12-21,688,Cash,33
1874,2022-09-28,862,Card,7
1875,2022-01-24,202,Card,4
1876,2022-09-03,744,Apple Pay,17
1877,2022-11-03,940,Card,7
1878,2022-05-23,215,Cash,20
1879,2022-02-26,370,Cash,12
1880,2022-05-14,577,Card,23
1881,2022-05-31,272,Card,16
1882,2022-11-01,688,Cash,10
1883,2022-06-14,799,Apple Pay,22
1884,2022-05-18,919,Cash,35
1885,2022-05-03,831,Cash,26
1886,2022-07-07,502,Apple Pay,17
1887,2022-08-05,722,Apple Pay,6
1888,2022-07-20,229,Cash,23
1889,2022-10-03,348,Card,2
1890,2022-11-19,212,Cash,29
1891,2022-08-25,486,Cash,23
1892,2022-04-19,643,Cash,35
1893,2022-01-07,164,Cash,6
1894,2022-07-30,493,Apple Pay,25
1895,2022-10-29,739,Apple Pay,17
1896,2022-07-21,325,Cash,22
1897,2022-07-08,874,Card,33
1898,2022-11-10,799,Cash,4
1899,2022-05-16,685,Cash,14
1900,2022-12-10,935,Card,9
1901,2022-06-15,66,Card,14
1902,2022-07-31,790,Card,3
1903,2022-09-09,36,Cash,22
1904,2022-01-26,601,Cash,22
1905,2022-03-20,938,Card,22
1906,2022-12-23,412,Card,17
1907,2022-06-13,43,Card,13
1908,2022-03-31,192,Card,19
1909,2022-11-08,899,Cash,35
1910,2022-01-25,645,Cash,10
1911,2022-11-23,639,Apple Pay,8
1912,2022-10-30,90,Cash,33
1913,2022-06-07,425,Apple Pay,8
1914,2022-05-19,564,Card,12
1915,2022-09-07,132,Card,6
1916,2022-11-05,36,Apple Pay,9
1917,2022-08-09,509,Apple Pay,35
1918,2022-03-30,533,Cash,21
1919,2022-10-19,407,Card,7
1920,2022-11-08,39,Cash,21
1921,2022-03-27,335,Apple Pay,17
1922,2022-05-02,183,Card,27
1923,2022-07-08,605,Card,3
1924,2022-01-01,626,Card,9
1925,2022-06-22,657,Card,22
1926,2022-06-01,606,Card,6
1927,2022-07-20,496,Card,15
1928,2022-06-02,86,Cash,33
1929,2022-07-23,920,Apple Pay,23
1930,2022-03-04,582,Apple Pay,10
1931,2022-11-19,759,Apple Pay,7
1932,2022-12-19,496,Apple Pay,14
1933,2022-08-09,186,Apple Pay,21
1934,2022-06-27,450,Apple Pay,27
1935,2022-06-06,590,Cash,22
1936,2022-02-04,857,Cash,13
1937,2022-02-26,289,Cash,28
1938,2022-10-06,573,Card,8
1939,2022-05-31,300,Cash,21
1940,2022-05-17,624,Card,32
1941,2022-04-22,608,Apple Pay,15
1942,2022-12-05,357,Cash,2
1943,2022-09-02,857,Apple Pay,12
1944,2022-11-24,842,Card,28
1945,2022-03-20,26,Apple Pay,33
1946,2022-09-07,921,Apple Pay,25
1947,2022-05-27,783,Apple Pay,30
1948,2022-01-20,749,Apple Pay,30
1949,2022-08-30,253,Card,3
1950,2022-07-22,756,Cash,25
1951,2022-09-28,44,Cash,14
1952,2022-05-13,169,Card,11
1953,2022-03-25,322,Cash,16
1954,2022-11-19,783,Card,22
1955,2022-08-10,731,Card,19
1956,2022-02-11,61,Cash,25
1957,2022-12-18,734,Apple Pay,6
1958,2022-11-04,967,Apple Pay,35
1959,2022-08-22,136,Apple Pay,6
1960,2022-05-13,717,Cash,21
1961,2022-03-29,733,Card,26
1962,2022-12-19,84,Card,28
1963,2022-01-07,591,Cash,4
1964,2022-04-09,572,Cash,22
1965,2022-02-21,413,Apple Pay,15
1966,2022-03-20,199,Cash,12
1967,2022-08-05,435,Cash,31
1968,2022-07-07,701,Cash,12
1969,2022-06-22,727,Cash,16
1970,2022-10-19,228,Apple Pay,23
1971,2022-07-03,118,Card,6
1972,2022-03-02,677,Apple Pay,25
1973,2022-08-28,629,Apple Pay,29
1974,2022-06-15,873,Cash,1
1975,2022-09-29,733,Apple Pay,10
1976,2022-08-21,523,Cash,25
1977,2022-04-11,895,Card,14
1978,2022-07-24,115,Apple Pay,27
1979,2022-07-21,759,Card,10
1980,2022-01-05,168,Cash,27
1981,2022-10-15,292,Cash,13
1982,2022-08-18,191,Cash,12
1983,2022-08-05,374,Cash,23
1984,2022-07-07,226,Card,1
1985,2022-06-14,45,Apple Pay,15
1986,2022-02-12,4,Card,28
1987,2022-08-12,223,Cash,33
1988,2022-12-02,313,Cash,10
1989,2022-07-28,441,Card,4
1990,2022-04-14,417,Apple Pay,11
1991,2022-07-19,645,Card,11
1992,2022-05-22,384,Apple Pay,5
1993,2022-07-11,274,Apple Pay,1
1994,2022-09-30,790,Card,9
1995,2022-04-23,512,Cash,7
1996,2022-03-30,526,Apple Pay,11
1997,2022-04-16,465,Cash,32
1998,2022-10-15,180,Cash,17
1999,2022-05-22,839,Card,15
2000,2022-12-02,155,Cash,31
2001,2022-08-08,771,Apple Pay,23
2002,2022-09-17,615,Card,7
2003,2022-07-10,89,Apple Pay,13
2004,2022-01-25,444,Card,20
2005,2022-03-15,515,Apple Pay,29
2006,2022-02-28,448,Card,35
2007,2022-09-29,710,Card,33
2008,2022-05-08,254,Apple Pay,20
2009,2022-11-02,209,Card,33
2010,2022-12-21,971,Apple Pay,30
2011,2022-09-19,380,Cash,8
2012,2022-10-28,751,Cash,22
2013,2022-04-20,592,Card,2
2014,2022-04-13,865,Card,14
2015,2022-05-09,182,Card,15
2016,2022-09-21,148,Cash,34
2017,2022-05-27,761,Cash,14
2018,2022-04-08,981,Apple Pay,35
2019,2022-07-28,941,Cash,1
2020,2022-02-21,306,Cash,21
2021,2022-08-28,908,Cash,17
2022,2022-10-19,630,Cash,7
2023,2022-12-16,603,Cash,33
2024,2022-01-15,294,Cash,12
2025,2022-05-18,613,Card,13
2026,2022-02-11,924,Cash,30
2027,2022-06-14,102,Cash,12
2028,2022-06-03,629,Cash,15
2029,2022-06-17,900,Apple Pay,14
2030,2022-11-25,106,Cash,7
2031,2022-11-17,367,Card,11
2032,2022-04-10,768,Card,1
2033,2022-12-03,445,Apple Pay,6
2034,2022-11-27,180,Apple Pay,4
2035,2022-06-19,277,Cash,23
2036,2022-04-30,985,Cash,6
2037,2022-03-25,759,Apple Pay,34
2038,2022-03-23,373,Apple Pay,20
2039,2022-09-13,577,Apple Pay,10
2040,2022-05-20,875,Apple Pay,13
2041,2022-11-22,771,Card,34
2042,2022-10-25,300,Card,1
2043,2022-07-23,135,Apple Pay,6
2044,2022-02-10,897,Apple Pay,18
2045,2022-12-28,1,Apple Pay,34
2046,2022-05-28,714,Cash,30
2047,2022-06-06,549,Apple Pay,35
2048,2022-12-04,280,Cash,16
2049,2022-04-22,405,Cash,6
2050,2022-12-09,22,Apple Pay,23
2051,2022-07-13,38,Card,18
2052,2022-04-20,776,Card,20
2053,2022-11-12,28,Cash,31
2054,2022-10-06,695,Cash,29
2055,2022-04-21,392,Card,28
2056,2022-04-28,893,Cash,25
2057,2022-08-13,40,Cash,24
2058,2022-04-25,205,Card,25
2059,2022-09-18,311,Cash,17
2060,2022-10-02,323,Card,14
2061,2022-12-20,736,Cash,31
2062,2022-06-22,600,Card,15
2063,2022-11-03,548,Cash,20
2064,2022-09-10,529,Cash,8
2065,2022-08-28,394,Card,11
2066,2022-05-11,893,Apple Pay,30
2067,2022-11-25,68,Card,7
2068,2022-09-08,608,Card,10
2069,2022-10-28,559,Cash,30
2070,2022-11-26,745,Apple Pay,16
2071,2022-10-11,135,Cash,9
2072,2022-03-18,480,Cash,15
2073,2022-11-03,152,Cash,20
2074,2022-01-02,271,Apple Pay,2
2075,2022-07-20,625,Card,22
2076,2022-05-05,620,Cash,21
2077,2022-04-28,23,Card,8
2078,2022-05-20,114,Cash,33
2079,2022-04-17,217,Card,1
2080,2022-08-13,103,Cash,1
2081,2022-12-11,114,Apple Pay,34
2082,2022-01-31,323,Card,14
2083,2022-02-10,867,Apple Pay,22
2084,2022-06-25,62,Cash,6
2085,2022-03-10,581,Card,32
2086,2022-12-20,863,Card,28
2087,2022-08-03,862,Card,23
2088,2022-10-17,133,Card,23
2089,2022-10-28,170,Cash,24
2090,2022-04-17,511,Apple Pay,25
2091,2022-10-26,214,Cash,4
2092,2022-12-14,75,Cash,25
2093,2022-06-08,495,Card,4
2094,2022-05-15,432,Apple Pay,13
2095,2022-02-16,197,Apple Pay,35
2096,2022-06-12,147,Cash,22
2097,2022-11-24,778,Cash,24
2098,2022-05-14,904,Cash,31
2099,2022-03-14,577,Card,9
2100,2022-04-16,140,Apple Pay,17
2101,2022-04-04,918,Cash,29
2102,2022-07-12,720,Cash,11
2103,2022-01-15,802,Apple Pay,17
2104,2022-10-26,145,Card,26
2105,2022-11-11,141,Cash,10
2106,2022-05-23,423,Apple Pay,20
2107,2022-02-28,942,Card,8
2108,2022-05-04,925,Cash,21
2109,2022-09-13,302,Apple Pay,5
2110,2022-05-29,5,Card,7
2111,2022-10-15,713,Card,11
2112,2022-03-20,36,Cash,9
2113,2022-11-21,747,Apple Pay,5
2114,2022-04-06,591,Card,34
2115,2022-07-14,392,Card,19
2116,2022-06-23,97,Apple Pay,20
2117,2022-04-07,1,Apple Pay,7
2118,2022-04-26,505,Apple Pay,30
2119,2022-09-08,417,Card,4
2120,2022-04-28,961,Cash,14
2121,2022-11-07,713,Card,19
2122,2022-03-03,513,Card,1
2123,2022-12-26,47,Apple Pay,10
2124,2022-09-24,998,Apple Pay,28
2125,2022-10-29,884,Cash,23
2126,2022-12-16,57,Apple Pay,9
2127,2022-05-25,94,Card,23
2128,2022-05-23,740,Card,27
2129,2022-12-15,747,Card,27
2130,2022-01-09,781,Card,17
2131,2022-10-13,118,Card,22
2132,2022-04-19,354,Cash,10
2133,2022-04-25,765,Card,22
2134,2022-11-20,946,Card,13
2135,2022-11-04,631,Apple Pay,18
2136,2022-09-30,743,Apple Pay,7
2137,2022-05-18,941,Cash,3
2138,2022-11-05,278,Cash,10
2139,2022-08-10,344,Card,22
2140,2022-05-20,232,Card,7
2141,2022-02-20,624,Cash,19
2142,2022-12-27,157,Cash,30
2143,2022-12-21,604,Cash,14
2144,2022-01-09,735,Cash,32
2145,2022-07-15,302,Card,32
2146,2022-12-04,321,Cash,7
2147,2022-08-11,824,Cash,19
2148,2022-03-21,160,Apple Pay,14
2149,2022-06-06,683,Cash,25
2150,2022-05-18,823,Apple Pay,14
2151,2022-04-08,7,Apple Pay,3
2152,2022-05-18,77,Cash,17
2153,2022-06-18,195,Cash,2
2154,2022-10-22,875,Apple Pay,3
2155,2022-11-29,14,Apple Pay,19
2156,2022-09-29,454,Card,5
2157,2022-06-15,487,Apple Pay,30
2158,2022-08-27,999,Cash,33
2159,2022-07-05,608,Apple Pay,17
2160,2022-12-12,273,Card,6
2161,2022-09-27,511,Apple Pay,33
2162,2022-08-30,659,Card,9
2163,2022-09-19,652,Cash,4
2164,2022-02-07,687,Cash,10
2165,2022-10-17,621,Card,29
2166,2022-07-24,86,Cash,27
2167,2022-10-11,383,Apple Pay,2
2168,2022-04-16,800,Cash,22
2169,2022-02-10,762,Apple Pay,22
2170,2022-09-26,576,Cash,7
2171,2022-01-23,116,Card,18
2172,2022-11-17,293,Apple Pay,15
2173,2022-09-10,288,Apple Pay,28
2174,2022-11-18,400,Apple Pay,19
2175,2022-04-13,849,Card,20
2176,2022-10-20,176,Card,6
2177,2022-11-08,199,Cash,19
2178,2022-10-10,674,Card,15
2179,2022-08-20,474,Apple Pay,10
2180,2022-11-22,233,Cash,21
2181,2022-07-01,453,Apple Pay,10
2182,2022-09-17,465,Card,27
2183,2022-08-24,107,Apple Pay,34
2184,2022-03-25,619,Apple Pay,9
2185,2022-01-31,325,Card,34
2186,2022-04-21,113,Apple Pay,33
2187,2022-05-06,619,Card,13
2188,2022-02-10,28,Apple Pay,11
2189,2022-05-25,242,Apple Pay,4
2190,2022-05-14,137,Card,32
2191,2022-05-06,325,Card,1
2192,2022-03-10,934,Apple Pay,35
2193,2022-12-26,846,Apple Pay,2
2194,2022-05-04,136,Card,20
2195,2022-05-13,848,Card,1
2196,2022-03-08,697,Card,9
2197,2022-08-12,53,Cash,26
2198,2022-06-04,87,Apple Pay,20
2199,2022-10-21,96,Apple Pay,16
2200,2022-09-30,296,Card,27
2201,2022-07-16,475,Card,16
2202,2022-04-27,708,Apple Pay,8
2203,2022-03-14,390,Apple Pay,23
2204,2022-03-21,711,Apple Pay,12
2205,2022-01-16,679,Apple Pay,21
2206,2022-07-19,288,Cash,22
2207,2022-06-02,328,Apple Pay,6
2208,2022-07-06,529,Card,35
2209,2022-02-06,619,Card,26
2210,2022-02-17,122,Apple Pay,1
2211,2022-04-16,439,Apple Pay,9
2212,2022-05-15,797,Cash,17
2213,2022-01-20,89,Card,30
2214,2022-02-28,2,Card,16
2215,2022-03-17,508,Cash,20
2216,2022-09-24,464,Cash,10
2217,2022-06-10,145,Cash,20
2218,2022-04-15,302,Apple Pay,35
2219,2022-02-21,821,Apple Pay,24
2220,2022-11-21,612,Card,17
2221,2022-11-19,344,Cash,27
2222,2022-12-12,225,Card,18
2223,2022-11-13,138,Cash,9
2224,2022-11-11,806,Card,5
2225,2022-05-13,10,Card,21
2226,2022-09-27,549,Card,35
2227,2022-12-10,510,Cash,28
2228,2022-08-30,702,Card,12
2229,2022-07-15,788,Cash,34
2230,2022-11-24,591,Apple Pay,29
2231,2022-03-21,567,Cash,7
2232,2022-06-24,321,Card,29
2233,2022-03-17,64,Apple Pay,17
2234,2022-11-04,467,Card,31
2235,2022-03-23,387,Apple Pay,13
2236,2022-12-27,225,Card,31
2237,2022-07-31,171,Apple Pay,8
2238,2022-04-15,748,Cash,8
2239,2022-01-29,415,Card,2
2240,2022-01-19,453,Cash,6
2241,2022-10-21,418,Card,15
2242,2022-09-18,833,Apple Pay,13
2243,2022-02-08,824,Cash,33
2244,2022-11-01,449,Apple Pay,14
2245,2022-10-12,278,Apple Pay,22
2246,2022-10-15,226,Card,29
2247,2022-11-17,785,Apple Pay,17
2248,2022-04-25,471,Apple Pay,20
2249,2022-06-04,270,Apple Pay,31
2250,2022-10-05,92,Cash,10
2251,2022-10-12,63,Card,35
2252,2022-03-21,438,Apple Pay,11
2253,2022-06-18,458,Cash,30
2254,2022-12-01,631,Card,25
2255,2022-09-09,116,Cash,4
2256,2022-02-26,559,Card,31
2257,2022-06-16,319,Card,35
2258,2022-09-28,11,Card,5
2259,2022-10-17,404,Apple Pay,31
2260,2022-10-17,995,Card,7
2261,2022-10-15,278,Card,6
2262,2022-10-28,517,Card,26
2263,2022-05-04,275,Cash,22
2264,2022-12-19,846,Cash,16
2265,2022-08-25,315,Card,33
2266,2022-08-07,561,Cash,6
2267,2022-05-22,587,Card,2
2268,2022-11-26,348,Apple Pay,16
2269,2022-05-25,646,Card,7
2270,2022-11-09,395,Cash,3
2271,2022-05-03,26,Cash,28
2272,2022-02-04,42,Card,33
2273,2022-02-07,110,Apple Pay,26
2274,2022-04-21,69,Apple Pay,13
2275,2022-01-13,158,Card,30
2276,2022-11-06,758,Cash,24
2277,2022-10-15,395,Card,4
2278,2022-05-06,120,Cash,32
2279,2022-05-29,35,Apple Pay,3
2280,2022-01-25,248,Cash,28
2281,2022-09-15,906,Card,35
2282,2022-01-05,297,Apple Pay,31
2283,2022-08-15,117,Cash,13
2284,2022-04-22,367,Card,24
2285,2022-11-13,173,Cash,3
2286,2022-02-25,20,Apple Pay,28
2287,2022-01-24,326,Apple Pay,14
2288,2022-03-29,107,Cash,3
2289,2022-10-19,190,Apple Pay,33
2290,2022-09-23,369,Card,20
2291,2022-01-15,541,Cash,26
2292,2022-08-10,659,Card,31
2293,2022-11-14,220,Apple Pay,7
2294,2022-05-19,162,Apple Pay,23
2295,2022-09-05,702,Card,5
2296,2022-03-27,535,Card,35
2297,2022-06-25,73,Cash,7
2298,2022-01-11,899,Cash,17
2299,2022-05-16,31,Card,22
2300,2022-11-08,844,Cash,31
2301,2022-03-09,935,Apple Pay,2
2302,2022-07-21,311,Apple Pay,12
2303,2022-08-19,777,Card,35
2304,2022-10-16,982,Apple Pay,22
2305,2022-11-19,303,Apple Pay,16
2306,2022-10-07,29,Cash,28
2307,2022-11-21,403,Apple Pay,35
2308,2022-04-12,936,Apple Pay,18
2309,2022-11-11,659,Cash,5
2310,2022-11-04,486,Cash,16
2311,2022-06-15,426,Card,3
2312,2022-08-03,664,Cash,22
2313,2022-06-30,810,Cash,34
2314,2022-03-19,894,Cash,28
2315,2022-08-18,378,Cash,18
2316,2022-11-24,808,Cash,8
2317,2022-05-15,172,Cash,31
2318,2022-02-11,509,Card,3
2319,2022-06-07,128,Card,3
2320,2022-02-26,269,Card,6
2321,2022-04-04,562,Cash,32
2322,2022-05-08,252,Apple Pay,22
2323,2022-03-05,683,Card,24
2324,2022-01-28,24,Cash,31
2325,2022-07-22,29,Card,3
2326,2022-11-04,582,Card,24
2327,2022-10-30,424,Apple Pay,7
2328,2022-07-04,102,Card,9
2329,2022-01-06,91,Card,35
2330,2022-04-07,366,Cash,25
2331,2022-10-23,440,Cash,31
2332,2022-03-31,135,Card,19
2333,2022-08-22,184,Apple Pay,31
2334,2022-07-20,625,Apple Pay,31
2335,2022-06-11,459,Cash,5
2336,2022-11-11,721,Card,6
2337,2022-04-17,986,Apple Pay,13
2338,2022-03-29,989,Cash,12
2339,2022-09-13,598,Apple Pay,8
2340,2022-10-29,470,Cash,7
2341,2022-07-19,374,Card,32
2342,2022-01-21,310,Cash,15
2343,2022-04-30,648,Card,1
2344,2022-03-23,710,Cash,7
2345,2022-02-09,467,Cash,22
2346,2022-11-10,114,Apple Pay,19
2347,2022-10-06,956,Cash,24
2348,2022-08-11,588,Card,22
2349,2022-06-08,114,Cash,18
2350,2022-12-10,678,Card,31
2351,2022-09-14,262,Cash,27
2352,2022-04-11,203,Card,25
2353,2022-02-11,8,Apple Pay,12
2354,2022-05-27,924,Cash,30
2355,2022-10-23,486,Apple Pay,34
2356,2022-10-10,97,Cash,9
2357,2022-03-30,799,Apple Pay,19
2358,2022-10-02,976,Cash,2
2359,2022-06-14,842,Apple Pay,26
2360,2022-05-24,829,Card,26
2361,2022-10-24,212,Card,21
2362,2022-09-27,600,Cash,34
2363,2022-12-15,873,Apple Pay,17
2364,2022-02-07,145,Apple Pay,24
2365,2022-03-09,224,Apple Pay,25
2366,2022-05-11,784,Apple Pay,32
2367,2022-09-26,843,Card,25
2368,2022-03-01,82,Apple Pay,3
2369,2022-10-21,392,Apple Pay,4
2370,2022-06-17,423,Cash,8
2371,2022-01-11,34,Card,26
2372,2022-02-10,65,Apple Pay,15
2373,2022-04-09,568,Apple Pay,18
2374,2022-02-01,32,Card,35
2375,2022-02-13,264,Apple Pay,14
2376,2022-05-08,794,Apple Pay,8
2377,2022-12-26,509,Apple Pay,6
2378,2022-05-06,854,Cash,13
2379,2022-04-09,541,Card,10
2380,2022-11-23,489,Cash,16
2381,2022-02-16,678,Apple Pay,7
2382,2022-01-29,896,Apple Pay,7
2383,2022-08-18,897,Apple Pay,18
2384,2022-05-08,802,Cash,18
2385,2022-07-26,834,Cash,4
2386,2022-07-04,600,Card,25
2387,2022-06-13,794,Apple Pay,8
2388,2022-01-03,288,Cash,26
2389,2022-12-30,596,Cash,7
2390,2022-06-25,95,Cash,19
2391,2022-09-16,780,Cash,5
2392,2022-04-01,253,Cash,22
2393,2022-12-18,690,Cash,19
2394,2022-10-27,34,Apple Pay,25
2395,2022-03-13,767,Card,34
2396,2022-03-18,119,Apple Pay,31
2397,2022-02-25,723,Cash,2
2398,2022-05-11,14,Apple Pay,1
2399,2022-09-22,607,Cash,12
2400,2022-04-22,691,Apple Pay,10
2401,2022-04-29,33,Apple Pay,33
2402,2022-03-06,246,Card,30
2403,2022-07-12,820,Card,10
2404,2022-05-31,996,Apple Pay,20
2405,2022-04-02,892,Card,17
2406,2022-01-14,31,Apple Pay,33
2407,2022-11-08,262,Cash,32
2408,2022-05-10,51,Card,16
2409,2022-11-24,496,Apple Pay,1
2410,2022-02-02,878,Cash,17
2411,2022-11-21,275,Apple Pay,13
2412,2022-08-19,928,Cash,14
2413,2022-07-31,359,Apple Pay,7
2414,2022-04-29,688,Apple Pay,18
2415,2022-10-22,334,Card,35
2416,2022-06-22,375,Apple Pay,16
2417,2022-04-05,353,Apple Pay,18
2418,2022-04-24,226,Apple Pay,13
2419,2022-11-28,771,Apple Pay,35
2420,2022-10-30,343,Cash,1
2421,2022-04-23,77,Cash,30
2422,2022-03-11,630,Card,12
2423,2022-01-29,905,Apple Pay,16
2424,2022-06-12,460,Card,1
2425,2022-04-25,382,Card,9
2426,2022-11-26,65,Cash,31
2427,2022-01-13,915,Apple Pay,12
2428,2022-11-02,916,Cash,15
2429,2022-08-10,766,Apple Pay,7
2430,2022-01-03,551,Cash,25
2431,2022-11-30,854,Card,5
2432,2022-05-08,608,Apple Pay,7
2433,2022-08-28,400,Cash,20
2434,2022-11-14,273,Cash,29
2435,2022-07-31,307,Cash,18
2436,2022-02-20,121,Cash,19
2437,2022-08-15,600,Cash,4
2438,2022-11-25,324,Card,20
2439,2022-02-05,616,Cash,16
2440,2022-10-10,3,Cash,5
2441,2022-09-30,805,Apple Pay,22
2442,2022-06-07,497,Card,13
2443,2022-07-02,579,Card,34
2444,2022-08-29,930,Apple Pay,25
2445,2022-11-27,799,Apple Pay,34
2446,2022-08-21,468,Card,29
2447,2022-10-10,928,Card,1
2448,2022-01-09,166,Card,31
2449,2022-06-23,68,Apple Pay,29
2450,2022-01-19,724,Apple Pay,1
2451,2022-06-29,776,Cash,15
2452,2022-01-24,2,Cash,19
2453,2022-03-25,301,Apple Pay,10
2454,2022-05-20,36,Cash,1
2455,2022-06-21,570,Card,34
2456,2022-10-31,138,Cash,19
2457,2022-07-27,633,Cash,9
2458,2022-10-14,781,Cash,9
2459,2022-03-17,897,Card,6
2460,2022-03-15,172,Apple Pay,13
2461,2022-01-04,967,Apple Pay,16
2462,2022-04-02,414,Apple Pay,10
2463,2022-10-18,138,Apple Pay,3
2464,2022-03-01,458,Cash,15
2465,2022-05-20,758,Card,6
2466,2022-02-21,795,Cash,18
2467,2022-05-12,394,Apple Pay,31
2468,2022-08-24,176,Card,7
2469,2022-06-12,409,Cash,20
2470,2022-05-24,378,Cash,19
2471,2022-10-28,487,Card,19
2472,2022-06-28,229,Cash,25
2473,2022-10-30,244,Apple Pay,12
2474,2022-12-03,687,Apple Pay,33
2475,2022-03-19,85,Cash,31
2476,2022-01-20,367,Cash,4
2477,2022-04-24,180,Apple Pay,2
2478,2022-09-28,68,Card,13
2479,2022-05-30,753,Apple Pay,34
2480,2022-01-05,131,Cash,3
2481,2022-10-09,576,Card,26
2482,2022-12-09,314,Card,12
2483,2022-02-27,686,Apple Pay,34
2484,2022-05-21,55,Card,16
2485,2022-05-25,924,Apple Pay,15
2486,2022-08-20,836,Cash,23
2487,2022-07-28,659,Cash,24
2488,2022-10-26,385,Apple Pay,29
2489,2022-12-06,344,Apple Pay,3
2490,2022-06-27,651,Apple Pay,34
2491,2022-03-12,994,Cash,33
2492,2022-07-01,637,Apple Pay,9
2493,2022-02-19,780,Card,5
2494,2022-09-05,74,Card,15
2495,2022-12-28,239,Card,26
2496,2022-02-27,49,Card,6
2497,2022-10-23,994,Card,6
2498,2022-10-30,630,Card,5
2499,2022-07-17,915,Card,3
2500,2022-07-11,364,Cash,28
2501,2022-07-17,714,Apple Pay,35
2502,2022-06-27,801,Cash,15
2503,2022-08-14,910,Card,33
2504,2022-02-27,941,Cash,21
2505,2022-11-14,138,Cash,1
2506,2022-05-20,542,Cash,17
2507,2022-12-03,408,Cash,1
2508,2022-11-29,918,Cash,11
2509,2022-03-23,25,Card,30
2510,2022-01-17,956,Apple Pay,23
2511,2022-10-22,427,Apple Pay,2
2512,2022-04-10,314,Cash,5
2513,2022-10-03,581,Cash,16
2514,2022-02-27,750,Apple Pay,34
2515,2022-04-11,415,Cash,33
2516,2022-05-19,341,Card,1
2517,2022-02-15,482,Cash,7
2518,2022-09-30,363,Card,11
2519,2022-11-15,389,Card,27
2520,2022-12-11,575,Card,24
2521,2022-06-28,761,Cash,18
2522,2022-09-07,900,Card,21
2523,2022-11-09,525,Apple Pay,16
2524,2022-10-29,758,Apple Pay,12
2525,2022-04-04,809,Card,9
2526,2022-11-28,299,Apple Pay,29
2527,2022-05-29,311,Card,7
2528,2022-04-21,704,Cash,15
2529,2022-05-16,590,Apple Pay,23
2530,2022-10-22,851,Apple Pay,10
2531,2022-04-17,93,Cash,22
2532,2022-09-25,482,Card,16
2533,2022-10-23,989,Apple Pay,29
2534,2022-05-16,268,Card,12
2535,2022-01-17,995,Card,13
2536,2022-01-07,876,Apple Pay,17
2537,2022-04-12,307,Apple Pay,15
2538,2022-02-28,116,Card,18
2539,2022-03-13,729,Apple Pay,19
2540,2022-06-05,476,Cash,1
2541,2022-10-03,832,Cash,11
2542,2022-03-01,62,Card,25
2543,2022-12-12,464,Apple Pay,2
2544,2022-10-26,758,Cash,22
2545,2022-02-24,882,Cash,4
2546,2022-06-17,153,Cash,34
2547,2022-04-06,722,Cash,26
2548,2022-10-02,750,Apple Pay,17
2549,2022-08-21,730,Apple Pay,24
2550,2022-05-11,380,Cash,14
2551,2022-06-09,912,Apple Pay,15
2552,2022-09-08,259,Card,18
2553,2022-08-05,176,Cash,20
2554,2022-04-16,346,Cash,7
2555,2022-11-22,792,Card,8
2556,2022-03-15,530,Card,1
2557,2022-03-17,823,Card,7
2558,2022-11-09,468,Apple Pay,6
2559,2022-06-25,439,Card,10
2560,2022-04-19,976,Cash,30
2561,2022-05-05,918,Card,34
2562,2022-02-20,524,Apple Pay,31
2563,2022-08-16,31,Apple Pay,31
2564,2022-10-17,498,Card,6
2565,2022-12-30,942,Card,22
2566,2022-09-27,48,Apple Pay,27
2567,2022-02-23,21,Cash,11
2568,2022-06-04,88,Cash,18
2569,2022-05-26,620,Apple Pay,26
2570,2022-12-21,981,Card,15
2571,2022-04-22,844,Cash,10
2572,2022-09-17,986,Apple Pay,22
2573,2022-07-24,373,Card,8
2574,2022-11-24,139,Cash,17
2575,2022-10-26,322,Card,34
2576,2022-03-24,496,Cash,26
2577,2022-05-17,456,Card,22
2578,2022-10-11,556,Apple Pay,23
2579,2022-10-21,875,Cash,1
2580,2022-03-13,727,Card,15
2581,2022-08-09,950,Cash,5
2582,2022-11-24,504,Card,25
2583,2022-01-19,801,Cash,13
2584,2022-05-26,157,Apple Pay,16
2585,2022-04-12,738,Card,19
2586,2022-08-15,603,Card,21
2587,2022-05-28,752,Apple Pay,4
2588,2022-04-19,397,Cash,2
2589,2022-02-23,293,Cash,13
2590,2022-09-16,784,Cash,7
2591,2022-08-08,756,Cash,21
2592,2022-04-19,852,Cash,3
2593,2022-04-03,571,Cash,8
2594,2022-05-23,807,Apple Pay,17
2595,2022-12-04,860,Cash,9
2596,2022-02-26,316,Cash,22
2597,2022-08-30,188,Apple Pay,35
2598,2022-07-14,217,Cash,34
2599,2022-07-04,793,Card,17
2600,2022-06-05,669,Card,12
2601,2022-06-24,540,Card,18
2602,2022-05-02,250,Card,16
2603,2022-02-05,592,Cash,16
2604,2022-09-04,239,Card,32
2605,2022-02-03,42,Card,11
2606,2022-08-22,19,Apple Pay,1
2607,2022-10-14,262,Apple Pay,34
2608,2022-01-30,948,Card,6
2609,2022-04-12,346,Cash,16
2610,2022-11-07,429,Cash,1
2611,2022-02-02,966,Apple Pay,18
2612,2022-03-06,938,Card,13
2613,2022-10-23,76,Card,22
2614,2022-10-07,524,Cash,11
2615,2022-05-19,498,Card,9
2616,2022-06-01,57,Card,20
2617,2022-01-22,931,Card,19
2618,2022-03-15,426,Apple Pay,1
2619,2022-12-17,454,Apple Pay,1
2620,2022-01-02,190,Card,15
2621,2022-09-17,667,Cash,34
2622,2022-01-14,333,Apple Pay,20
2623,2022-03-05,720,Cash,23
2624,2022-11-01,996,Card,18
2625,2022-10-29,498,Cash,5
2626,2022-06-15,409,Card,20
2627,2022-01-14,396,Cash,12
2628,2022-03-03,156,Apple Pay,29
2629,2022-02-11,500,Card,8
2630,2022-04-30,591,Card,16
2631,2022-05-24,68,Card,26
2632,2022-11-08,543,Cash,1
2633,2022-09-11,375,Card,8
2634,2022-10-19,90,Cash,2
2635,2022-06-16,472,Card,18
2636,2022-08-23,579,Card,6
2637,2022-10-30,856,Card,26
2638,2022-11-06,3,Apple Pay,1
2639,2022-06-26,347,Cash,12
2640,2022-07-01,675,Cash,33
2641,2022-10-29,531,Card,31
2642,2022-04-05,661,Cash,28
2643,2022-08-06,744,Card,8
2644,2022-09-01,384,Cash,15
2645,2022-09-17,440,Card,1
2646,2022-08-08,573,Cash,11
2647,2022-03-28,839,Card,7
2648,2022-02-18,433,Card,16
2649,2022-06-17,835,Card,22
2650,2022-10-14,924,Card,25
2651,2022-08-06,886,Apple Pay,1
2652,2022-12-30,512,Apple Pay,2
2653,2022-09-12,122,Apple Pay,7
2654,2022-10-29,625,Cash,32
2655,2022-02-12,44,Apple Pay,24
2656,2022-06-11,971,Apple Pay,30
2657,2022-10-28,111,Card,35
2658,2022-10-28,395,Apple Pay,16
2659,2022-10-03,656,Apple Pay,30
2660,2022-05-07,859,Cash,35
2661,2022-09-12,462,Card,1
2662,2022-09-17,615,Apple Pay,25
2663,2022-12-12,750,Cash,5
2664,2022-07-28,58,Cash,28
2665,2022-05-29,376,Card,33
2666,2022-12-16,419,Apple Pay,18
2667,2022-04-22,206,Cash,13
2668,2022-10-20,779,Apple Pay,25
2669,2022-02-20,692,Cash,32
2670,2022-06-14,264,Apple Pay,22
2671,2022-01-04,950,Cash,26
2672,2022-04-23,565,Card,24
2673,2022-07-16,375,Card,32
2674,2022-07-14,641,Apple Pay,16
2675,2022-06-16,743,Cash,9
2676,2022-06-07,910,Cash,25
2677,2022-10-09,273,Card,35
2678,2022-05-30,594,Card,17
2679,2022-01-06,607,Cash,16
2680,2022-07-19,26,Card,35
2681,2022-03-12,896,Cash,2
2682,2022-10-26,260,Cash,3
2683,2022-05-05,104,Apple Pay,19
2684,2022-05-30,406,Apple Pay,25
2685,2022-08-19,326,Card,25
2686,2022-08-24,31,Card,11
2687,2022-01-02,370,Apple Pay,15
2688,2022-09-17,895,Card,11
2689,2022-07-18,390,Cash,7
2690,2022-11-08,851,Apple Pay,4
2691,2022-10-19,578,Apple Pay,27
2692,2022-09-25,270,Card,7
2693,2022-12-16,184,Cash,9
2694,2022-05-06,282,Card,17
2695,2022-06-10,343,Apple Pay,18
2696,2022-09-10,882,Cash,27
2697,2022-07-31,304,Cash,34
2698,2022-05-07,239,Card,30
2699,2022-12-28,171,Card,34
2700,2022-09-22,641,Cash,15
2701,2022-10-23,672,Apple Pay,28
2702,2022-08-05,711,Card,10
2703,2022-10-17,223,Apple Pay,29
2704,2022-05-19,429,Card,13
2705,2022-11-01,118,Cash,28
2706,2022-06-05,84,Cash,34
2707,2022-02-01,791,Apple Pay,3
2708,2022-04-02,661,Card,6
2709,2022-02-24,683,Cash,6
2710,2022-08-07,596,Cash,15
2711,2022-04-24,174,Cash,5
2712,2022-10-05,742,Cash,15
2713,2022-09-28,306,Apple Pay,13
2714,2022-04-30,640,Card,6
2715,2022-11-02,997,Cash,11
2716,2022-07-15,311,Card,24
2717,2022-02-09,460,Card,4
2718,2022-05-07,146,Apple Pay,24
2719,2022-08-06,23,Card,1
2720,2022-08-21,984,Cash,9
2721,2022-10-13,209,Card,23
2722,2022-06-06,355,Card,4
2723,2022-11-22,945,Card,6
2724,2022-02-20,482,Apple Pay,25
2725,2022-10-03,6,Card,18
2726,2022-11-16,694,Apple Pay,7
2727,2022-06-25,677,Cash,3
2728,2022-02-13,914,Apple Pay,11
2729,2022-05-10,498,Apple Pay,4
2730,2022-01-14,795,Apple Pay,33
2731,2022-04-14,897,Cash,5
2732,2022-04-17,449,Apple Pay,26
2733,2022-12-20,806,Apple Pay,8
2734,2022-10-22,314,Cash,21
2735,2022-08-24,372,Card,35
2736,2022-05-03,758,Cash,24
2737,2022-09-05,705,Cash,32
2738,2022-02-19,318,Apple Pay,30
2739,2022-04-28,97,Cash,27
2740,2022-09-10,532,Card,13
2741,2022-03-13,39,Apple Pay,26
2742,2022-03-10,36,Apple Pay,17
2743,2022-09-14,346,Card,27
2744,2022-09-27,437,Cash,12
2745,2022-03-06,754,Cash,28
2746,2022-07-31,630,Card,32
2747,2022-12-09,829,Apple Pay,14
2748,2022-01-20,440,Apple Pay,33
2749,2022-04-15,500,Cash,2
2750,2022-06-24,59,Cash,3
2751,2022-05-06,35,Cash,13
2752,2022-05-31,599,Card,17
2753,2022-10-25,574,Apple Pay,11
2754,2022-04-10,27,Cash,6
2755,2022-10-18,96,Cash,5
2756,2022-04-10,910,Cash,19
2757,2022-02-20,730,Apple Pay,34
2758,2022-08-12,396,Card,12
2759,2022-09-12,997,Cash,6
2760,2022-07-12,602,Cash,20
2761,2022-07-14,442,Apple Pay,28
2762,2022-06-14,9,Apple Pay,25
2763,2022-05-11,250,Apple Pay,3
2764,2022-02-11,420,Cash,23
2765,2022-02-28,204,Cash,10
2766,2022-03-04,835,Cash,32
2767,2022-08-25,967,Cash,34
2768,2022-03-24,325,Card,6
2769,2022-05-25,183,Cash,18
2770,2022-09-03,199,Cash,32
2771,2022-05-22,731,Card,4
2772,2022-07-19,924,Apple Pay,7
2773,2022-10-17,826,Apple Pay,24
2774,2022-10-27,21,Card,8
2775,2022-10-02,545,Cash,6
2776,2022-07-05,240,Card,1
2777,2022-12-28,743,Apple Pay,33
2778,2022-02-23,212,Card,32
2779,2022-02-08,768,Cash,26
2780,2022-05-11,735,Apple Pay,12
2781,2022-12-08,995,Cash,8
2782,2022-04-01,748,Apple Pay,23
2783,2022-03-27,71,Card,17
2784,2022-02-19,81,Apple Pay,31
2785,2022-04-27,894,Cash,8
2786,2022-02-10,415,Card,11
2787,2022-05-19,607,Card,31
2788,2022-09-06,71,Cash,26
2789,2022-10-04,830,Card,20
2790,2022-01-10,696,Card,4
2791,2022-11-25,386,Card,15
2792,2022-11-27,593,Cash,18
2793,2022-03-14,428,Cash,22
2794,2022-06-05,351,Card,16
2795,2022-08-20,604,Apple Pay,4
2796,2022-08-22,280,Apple Pay,2
2797,2022-10-18,61,Apple Pay,18
2798,2022-02-23,380,Apple Pay,11
2799,2022-11-11,439,Card,32
2800,2022-12-26,537,Cash,8
2801,2022-11-07,119,Card,11
2802,2022-04-26,317,Cash,9
2803,2022-11-08,902,Cash,5
2804,2022-12-22,936,Card,22
2805,2022-01-21,882,Card,29
2806,2022-09-22,57,Card,31
2807,2022-01-17,808,Apple Pay,14
2808,2022-12-12,897,Card,32
2809,2022-01-07,103,Card,26
2810,2022-04-18,717,Card,19
2811,2022-03-31,90,Cash,31
2812,2022-05-09,456,Cash,3
2813,2022-05-02,585,Card,32
2814,2022-09-10,939,Card,23
2815,2022-10-01,606,Card,9
2816,2022-03-08,104,Apple Pay,16
2817,2022-12-13,825,Card,23
2818,2022-04-15,381,Cash,14
2819,2022-02-10,164,Cash,1
2820,2022-10-05,728,Cash,14
2821,2022-09-17,380,Card,23
2822,2022-10-30,637,Apple Pay,5
2823,2022-01-11,439,Card,7
2824,2022-12-25,105,Cash,35
2825,2022-10-02,848,Card,35
2826,2022-12-17,887,Card,12
2827,2022-12-28,359,Card,9
2828,2022-07-28,208,Card,9
2829,2022-05-09,484,Apple Pay,27
2830,2022-02-28,592,Cash,29
2831,2022-12-16,441,Apple Pay,8
2832,2022-07-13,19,Card,24
2833,2022-06-10,213,Apple Pay,25
2834,2022-05-23,270,Card,7
2835,2022-05-05,362,Cash,5
2836,2022-07-06,615,Apple Pay,23
2837,2022-11-07,201,Card,7
2838,2022-06-05,447,Card,17
2839,2022-09-25,870,Card,19
2840,2022-12-11,904,Apple Pay,28
2841,2022-09-28,87,Apple Pay,31
2842,2022-12-02,758,Cash,3
2843,2022-02-08,457,Card,3
2844,2022-07-03,499,Card,12
2845,2022-06-22,821,Cash,18
2846,2022-07-07,562,Apple Pay,3
2847,2022-01-19,671,Card,34
2848,2022-03-03,902,Apple Pay,24
2849,2022-02-14,814,Card,27
2850,2022-05-05,489,Cash,35
2851,2022-07-26,566,Card,14
2852,2022-11-09,4,Cash,10
2853,2022-01-27,162,Apple Pay,1
2854,2022-12-21,573,Card,9
2855,2022-05-20,72,Apple Pay,14
2856,2022-10-15,430,Apple Pay,11
2857,2022-08-19,194,Apple Pay,15
2858,2022-04-19,400,Apple Pay,15
2859,2022-07-12,240,Card,24
2860,2022-03-13,446,Apple Pay,15
2861,2022-03-31,545,Cash,4
2862,2022-04-09,880,Cash,17
2863,2022-07-02,206,Card,2
2864,2022-06-07,717,Cash,34
2865,2022-01-29,765,Card,13
2866,2022-11-27,28,Apple Pay,26
2867,2022-12-08,600,Apple Pay,1
2868,2022-03-22,740,Apple Pay,18
2869,2022-09-21,112,Card,17
2870,2022-11-09,48,Apple Pay,12
2871,2022-08-18,889,Cash,29
2872,2022-12-13,959,Cash,6
2873,2022-07-12,864,Apple Pay,27
2874,2022-02-06,633,Apple Pay,35
2875,2022-06-17,949,Apple Pay,21
2876,2022-10-29,158,Apple Pay,19
2877,2022-08-24,194,Apple Pay,27
2878,2022-12-19,270,Apple Pay,2
2879,2022-08-19,5,Card,20
2880,2022-09-21,707,Cash,5
2881,2022-11-09,200,Cash,26
2882,2022-07-17,913,Cash,11
2883,2022-02-14,5,Cash,33
2884,2022-02-22,620,Cash,17
2885,2022-04-13,257,Card,19
2886,2022-09-11,184,Apple Pay,1
2887,2022-08-11,778,Card,17
2888,2022-05-03,517,Card,17
2889,2022-03-08,726,Apple Pay,1
2890,2022-01-17,789,Card,18
2891,2022-04-24,488,Card,28
2892,2022-11-24,549,Cash,14
2893,2022-10-24,625,Cash,13
2894,2022-12-06,911,Apple Pay,22
2895,2022-07-27,12,Cash,30
2896,2022-03-05,472,Card,34
2897,2022-10-02,754,Apple Pay,28
2898,2022-12-30,285,Card,34
2899,2022-11-02,17,Card,17
2900,2022-01-04,545,Apple Pay,4
2901,2022-03-24,249,Cash,34
2902,2022-06-22,881,Card,30
2903,2022-04-15,85,Cash,25
2904,2022-01-10,582,Cash,11
2905,2022-10-11,542,Apple Pay,12
2906,2022-06-28,539,Cash,11
2907,2022-03-25,385,Apple Pay,2
2908,2022-01-10,861,Cash,24
2909,2022-11-17,414,Card,33
2910,2022-10-02,617,Cash,6
2911,2022-06-06,372,Apple Pay,32
2912,2022-11-30,902,Apple Pay,4
2913,2022-03-16,440,Apple Pay,8
2914,2022-05-12,298,Card,9
2915,2022-10-29,407,Cash,19
2916,2022-08-03,243,Cash,7
2917,2022-07-27,424,Cash,12
2918,2022-06-16,775,Cash,22
2919,2022-07-11,123,Card,30
2920,2022-11-28,359,Cash,16
2921,2022-04-24,818,Cash,4
2922,2022-02-10,287,Cash,34
2923,2022-02-10,628,Cash,12
2924,2022-12-06,867,Cash,33
2925,2022-06-13,437,Card,19
2926,2022-03-03,532,Cash,32
2927,2022-07-11,936,Cash,27
2928,2022-03-24,870,Card,29
2929,2022-05-28,897,Apple Pay,35
2930,2022-02-17,403,Card,17
2931,2022-05-23,6,Cash,27
2932,2022-05-13,398,Card,24
2933,2022-02-09,316,Card,19
2934,2022-11-08,623,Cash,23
2935,2022-06-05,982,Card,2
2936,2022-04-06,192,Apple Pay,6
2937,2022-05-06,66,Apple Pay,30
2938,2022-04-25,830,Card,24
2939,2022-06-21,69,Cash,4
2940,2022-07-08,736,Card,12
2941,2022-11-30,278,Apple Pay,23
2942,2022-05-25,807,Cash,33
2943,2022-02-18,753,Apple Pay,25
2944,2022-05-19,186,Card,33
2945,2022-05-05,345,Apple Pay,14
2946,2022-10-19,327,Cash,23
2947,2022-01-22,276,Apple Pay,25
2948,2022-09-07,386,Cash,24
2949,2022-08-28,578,Card,9
2950,2022-02-22,632,Cash,1
2951,2022-10-22,837,Cash,8
2952,2022-09-26,232,Apple Pay,13
2953,2022-07-09,713,Card,27
2954,2022-11-11,671,Card,16
2955,2022-05-01,210,Apple Pay,32
2956,2022-09-19,615,Cash,32
2957,2022-02-17,946,Apple Pay,34
2958,2022-01-30,939,Card,18
2959,2022-04-02,147,Card,4
2960,2022-02-13,347,Card,16
2961,2022-01-17,211,Cash,11
2962,2022-02-02,568,Cash,9
2963,2022-05-28,535,Card,18
2964,2022-09-30,226,Apple Pay,27
2965,2022-10-30,454,Apple Pay,19
2966,2022-12-24,348,Card,10
2967,2022-10-14,930,Cash,4
2968,2022-03-24,571,Card,35
2969,2022-06-15,790,Card,16
2970,2022-01-07,23,Apple Pay,24
2971,2022-09-07,771,Apple Pay,3
2972,2022-02-12,394,Card,13
2973,2022-08-10,7,Cash,22
2974,2022-02-27,783,Card,28
2975,2022-09-24,916,Cash,7
2976,2022-02-24,112,Cash,30
2977,2022-01-22,262,Apple Pay,27
2978,2022-05-13,106,Cash,9
2979,2022-11-15,492,Cash,28
2980,2022-06-29,247,Cash,13
2981,2022-06-01,92,Apple Pay,20
2982,2022-08-07,611,Card,18
2983,2022-08-10,541,Cash,7
2984,2022-02-02,787,Apple Pay,13
2985,2022-07-27,49,Cash,6
2986,2022-09-14,864,Card,10
2987,2022-06-10,499,Card,33
2988,2022-02-04,476,Apple Pay,18
2989,2022-09-05,442,Apple Pay,18
2990,2022-12-03,677,Apple Pay,14
2991,2022-06-03,10,Cash,10
2992,2022-05-31,238,Card,22
2993,2022-09-08,351,Card,6
2994,2022-06-24,762,Apple Pay,32
2995,2022-10-26,551,Apple Pay,5
2996,2022-02-14,337,Card,20
2997,2022-12-25,82,Apple Pay,15
2998,2022-09-04,309,Apple Pay,34
2999,2022-06-12,87,Card,8
,2022-01-08,741,Apple Pay,24