Feedback_ID,Supplier_ID
1,SUP001
2,SUP001
3,SUP001
4,SUP001
5,SUP001
6,SUP001
7,SUP001
8,SUP001
9,SUP001
10,SUP001
11,SUP001
12,SUP001
13,SUP001
14,SUP001
15,SUP001
16,SUP001
17,SUP001
18,SUP001
19,SUP001
20,SUP001
21,SUP001
22,SUP001
23,SUP001
24,SUP001
25,SUP001
26,SUP002
27,SUP001
28,SUP001
29,SUP001
30,SUP001
31,SUP001
32,SUP001
33,SUP002
34,SUP001
35,SUP001
36,SUP002
37,SUP001
38,SUP001
39,SUP001
40,SUP001
41,SUP001
42,SUP001
43,SUP001
44,SUP001
45,SUP001
46,SUP001
47,SUP001
48,SUP001
49,SUP001
50,SUP001
51,SUP002
52,SUP001
53,SUP002
54,SUP002
55,SUP001
56,SUP001
57,SUP001
58,SUP001
59,SUP001
60,SUP002
61,SUP001
62,SUP001
63,SUP001
64,SUP001
65,SUP001
66,SUP001
67,SUP001
68,SUP001
69,SUP002
70,SUP001
71,SUP001
72,SUP001
73,SUP001
74,SUP001
75,SUP001
76,SUP002
77,SUP001
78,SUP001
79,SUP001
80,SUP001
81,SUP001
82,SUP001
83,SUP002
84,SUP002
85,SUP001
86,SUP001
87,SUP001
88,SUP001
89,SUP001
90,SUP001
91,SUP001
92,SUP002
93,SUP001
94,SUP001
95,SUP001
96,SUP001
97,SUP001
98,SUP001
99,SUP001
100,SUP001
101,SUP001
102,SUP001
103,SUP002
104,SUP002
105,SUP001
106,SUP001
107,SUP001
108,SUP001
109,SUP001
110,SUP001
111,SUP001
112,SUP001
113,SUP001
114,SUP002
115,SUP002
116,SUP001
117,SUP001
118,SUP001
119,SUP001
120,SUP002
121,SUP001
122,SUP001
123,SUP001
124,SUP001
125,SUP001
126,SUP002
127,SUP001
128,SUP001
129,SUP001
130,SUP001
131,SUP002
132,SUP001
133,SUP001
134,SUP001
135,SUP002
136,SUP001
137,SUP001
138,SUP001
139,SUP001
140,SUP001
141,SUP002
142,SUP002
143,SUP001
144,SUP001
145,SUP001
146,SUP001
147,SUP001
148,SUP001
149,SUP002
150,SUP002
151,SUP001
152,SUP001
153,SUP001
154,SUP001
155,SUP001
156,SUP001
157,SUP001
158,SUP001
159,SUP001
160,SUP001
161,SUP001
162,SUP002
163,SUP001
164,SUP001
165,SUP001
166,SUP001
167,SUP002
168,SUP002
169,SUP001
170,SUP002
171,SUP001
172,SUP001
173,SUP001
174,SUP001
175,SUP001
176,SUP001
177,SUP001
178,SUP001
179,SUP001
180,SUP001
181,SUP001
182,SUP001
183,SUP001
184,SUP001
185,SUP001
186,SUP002
187,SUP002
188,SUP002
189,SUP002
190,SUP001
191,SUP001
192,SUP001
193,SUP001
194,SUP001
195,SUP002
196,SUP001
197,SUP001
198,SUP001
199,SUP001
200,SUP001
201,SUP001
202,SUP001
203,SUP001
204,SUP001
205,SUP001
206,SUP001
207,SUP001
208,SUP001
209,SUP001
210,SUP001
211,SUP001
212,SUP002
213,SUP001
214,SUP001
215,SUP001
216,SUP001
217,SUP001
218,SUP001
219,SUP002
220,SUP002
221,SUP001
222,SUP001
223,SUP002
224,SUP001
225,SUP001
226,SUP002
227,SUP001
228,SUP001
229,SUP001
230,SUP001
231,SUP001
232,SUP001
233,SUP001
234,SUP001
235,SUP001
236,SUP001
237,SUP002
238,SUP001
239,SUP001
240,SUP001
241,SUP001
242,SUP001
243,SUP001
244,SUP001
245,SUP001
246,SUP001
247,SUP001
248,SUP002
249,SUP002
250,SUP001
251,SUP002
252,SUP001
253,SUP001
254,SUP001
255,SUP001
256,SUP002
257,SUP002
258,SUP001
259,SUP001
260,SUP001
261,SUP002
262,SUP001
263,SUP001
264,SUP002
265,SUP001
266,SUP001
267,SUP001
268,SUP002
269,SUP001
270,SUP001
271,SUP001
272,SUP001
273,SUP001
274,SUP002
275,SUP001
276,SUP001
277,SUP002
278,SUP002
279,SUP001
280,SUP001
281,SUP001
282,SUP001
283,SUP001
284,SUP001
285,SUP001
286,SUP001
287,SUP001
288,SUP001
289,SUP001
290,SUP001
291,SUP001
292,SUP002
293,SUP001
294,SUP001
295,SUP001
296,SUP001
297,SUP002
298,SUP001
299,SUP001
300,SUP002
301,SUP001
302,SUP001
303,SUP001
304,SUP001
305,SUP001
306,SUP001
307,SUP001
308,SUP001
309,SUP001
310,SUP002
311,SUP001
312,SUP002
313,SUP002
314,SUP001
315,SUP001
316,SUP001
317,SUP002
318,SUP001
319,SUP001
320,SUP001
321,SUP002
322,SUP001
323,SUP002
324,SUP002
325,SUP001
326,SUP001
327,SUP001
328,SUP002
329,SUP001
330,SUP001
331,SUP002
332,SUP001
333,SUP002
334,SUP001
335,SUP001
336,SUP001
337,SUP001
338,SUP001
339,SUP001
340,SUP001
341,SUP001
342,SUP001
343,SUP001
344,SUP001
345,SUP001
346,SUP001
347,SUP001
348,SUP001
349,SUP001
350,SUP001
351,SUP001
352,SUP001
353,SUP001
354,SUP002
355,SUP002
356,SUP001
357,SUP001
358,SUP001
359,SUP001
360,SUP002
361,SUP002
362,SUP001
363,SUP001
364,SUP001
365,SUP001
366,SUP002
367,SUP001
368,SUP001
369,SUP001
370,SUP002
371,SUP001
372,SUP001
373,SUP001
374,SUP001
375,SUP001
376,SUP002
377,SUP002
378,SUP001
379,SUP001
380,SUP002
381,SUP001
382,SUP001
383,SUP001
384,SUP001
385,SUP002
386,SUP001
387,SUP001
388,SUP002
389,SUP001
390,SUP001
391,SUP001
392,SUP001
393,SUP001
394,SUP001
395,SUP001
396,SUP002
397,SUP001
398,SUP001
399,SUP001
400,SUP002
401,SUP002
402,SUP002
403,SUP001
404,SUP001
405,SUP001
406,SUP001
407,SUP001
408,SUP001
409,SUP002
410,SUP001
411,SUP001
412,SUP001
413,SUP001
414,SUP002
415,SUP002
416,SUP001
417,SUP001
418,SUP001
419,SUP002
420,SUP001
421,SUP002
422,SUP001
423,SUP001
424,SUP001
425,SUP001
426,SUP001
427,SUP001
428,SUP002
429,SUP001
430,SUP001
431,SUP002
432,SUP001
433,SUP001
434,SUP001
435,SUP001
436,SUP001
437,SUP001
438,SUP001
439,SUP001
440,SUP001
441,SUP001
442,SUP001
443,SUP001
444,SUP001
445,SUP002
446,SUP002
447,SUP002
448,SUP002
449,SUP002
450,SUP001
451,SUP002
452,SUP002
453,SUP001
454,SUP001
455,SUP002
456,SUP001
457,SUP001
458,SUP001
459,SUP001
460,SUP001
461,SUP001
462,SUP001
463,SUP002
464,SUP001
465,SUP001
466,SUP002
467,SUP001
468,SUP001
469,SUP001
470,SUP002
471,SUP001
472,SUP002
473,SUP002
474,SUP001
475,SUP001
476,SUP002
477,SUP001
478,SUP001
479,SUP002
480,SUP002
481,SUP001
482,SUP001
483,SUP001
484,SUP001
485,SUP001
486,SUP001
487,SUP002
488,SUP001
489,SUP001
490,SUP001
491,SUP001
492,SUP001
493,SUP001
494,SUP002
495,SUP001
496,SUP002
497,SUP001
498,SUP001
499,SUP001
500,SUP002
501,SUP001
502,SUP001
503,SUP001
504,SUP001
505,SUP001
506,SUP001
507,SUP001
508,SUP002
509,SUP001
510,SUP001
511,SUP001
512,SUP001
513,SUP001
514,SUP001
515,SUP001
516,SUP001
517,SUP002
518,SUP001
519,SUP002
520,SUP002
521,SUP001
522,SUP001
523,SUP001
524,SUP001
525,SUP001
526,SUP001
527,SUP001
528,SUP002
529,SUP002
530,SUP001
531,SUP002
532,SUP001
533,SUP001
534,SUP001
535,SUP001
536,SUP002
537,SUP001
538,SUP001
539,SUP001
540,SUP001
541,SUP002
542,SUP001
543,SUP001
544,SUP001
545,SUP002
546,SUP001
547,SUP002
548,SUP001
549,SUP001
550,SUP001
551,SUP001
552,SUP001
553,SUP001
554,SUP001
555,SUP001
556,SUP001
557,SUP001
558,SUP001
559,SUP001
560,SUP002
561,SUP001
562,SUP001
563,SUP001
564,SUP001
565,SUP002
566,SUP001
567,SUP001
568,SUP001
569,SUP001
570,SUP001
571,SUP001
572,SUP001
573,SUP001
574,SUP001
575,SUP001
576,SUP002
577,SUP001
578,SUP002
579,SUP001
580,SUP001
581,SUP002
582,SUP001
583,SUP001
584,SUP001
585,SUP002
586,SUP001
587,SUP002
588,SUP002
589,SUP001
590,SUP001
591,SUP001
592,SUP001
593,SUP001
594,SUP001
595,SUP001
596,SUP001
597,SUP001
598,SUP001
599,SUP001
600,SUP001
601,SUP002
602,SUP001
603,SUP001
604,SUP002
605,SUP001
606,SUP001
607,SUP001
608,SUP002
609,SUP001
610,SUP001
611,SUP001
612,SUP002
613,SUP001
614,SUP001
615,SUP001
616,SUP001
617,SUP001
618,SUP001
619,SUP001
620,SUP002
621,SUP001
622,SUP001
623,SUP001
624,SUP002
625,SUP001
626,SUP001
627,SUP001
628,SUP002
629,SUP001
630,SUP001
631,SUP001
632,SUP001
633,SUP001
634,SUP001
635,SUP001
636,SUP001
637,SUP001
638,SUP002
639,SUP001
640,SUP001
641,SUP001
642,SUP001
643,SUP001
644,SUP002
645,SUP001
646,SUP001
647,SUP002
648,SUP001
649,SUP001
650,SUP002
651,SUP001
652,SUP001
653,SUP002
654,SUP001
655,SUP001
656,SUP002
657,SUP001
658,SUP001
659,SUP001
660,SUP001
661,SUP001
662,SUP002
663,SUP001
664,SUP002
665,SUP001
666,SUP001
667,SUP001
668,SUP001
669,SUP001
670,SUP001
671,SUP002
672,SUP001
673,SUP002
674,SUP001
675,SUP001
676,SUP002
677,SUP001
678,SUP001
679,SUP001
680,SUP001
681,SUP001
682,SUP002
683,SUP002
684,SUP001
685,SUP001
686,SUP001
687,SUP001
688,SUP001
689,SUP001
690,SUP001
691,SUP002
692,SUP001
693,SUP002
694,SUP001
695,SUP001
696,SUP001
697,SUP001
698,SUP001
699,SUP001
700,SUP001
701,SUP002
702,SUP001
703,SUP002
704,SUP001
705,SUP001
706,SUP001
707,SUP001
708,SUP001
709,SUP001
710,SUP001
711,SUP001
712,SUP001
713,SUP002
714,SUP001
715,SUP001
716,SUP001
717,SUP001
718,SUP001
719,SUP001
720,SUP001
721,SUP001
722,SUP001
723,SUP001
724,SUP001
725,SUP001
726,SUP001
727,SUP001
728,SUP001
729,SUP001
730,SUP001
731,SUP002
732,SUP002
733,SUP001
734,SUP001
735,SUP002
736,SUP001
737,SUP001
738,SUP001
739,SUP002
740,SUP001
741,SUP001
742,SUP001
743,SUP002
744,SUP001
745,SUP001
746,SUP001
747,SUP001
748,SUP001
749,SUP001
750,SUP001
751,SUP001
752,SUP001
753,SUP001
754,SUP001
755,SUP001
756,SUP002
757,SUP002
758,SUP001
759,SUP001
760,SUP001
761,SUP001
762,SUP001
763,SUP001
764,SUP002
765,SUP002
766,SUP001
767,SUP002
768,SUP001
769,SUP002
770,SUP001
771,SUP001
772,SUP001
773,SUP001
774,SUP002
775,SUP002
776,SUP002
777,SUP001
778,SUP001
779,SUP001
780,SUP001
781,SUP001
782,SUP002
783,SUP001
784,SUP001
785,SUP001
786,SUP001
787,SUP001
788,SUP001
789,SUP001
790,SUP001
791,SUP001
792,SUP001
793,SUP001
794,SUP001
795,SUP001
796,SUP001
797,SUP001
798,SUP001
799,SUP001
800,SUP001
801,SUP001
802,SUP002
803,SUP001
804,SUP001
805,SUP002
806,SUP001
807,SUP001
808,SUP002
809,SUP001
810,SUP001
811,SUP001
812,SUP002
813,SUP001
814,SUP001
815,SUP001
816,SUP001
817,SUP001
818,SUP002
819,SUP001
820,SUP002
821,SUP001
822,SUP002
823,SUP001
824,SUP001
825,SUP001
826,SUP001
827,SUP002
828,SUP002
829,SUP002
830,SUP001
831,SUP001
832,SUP001
833,SUP001
834,SUP002
835,SUP001
836,SUP002
837,SUP001
838,SUP001
839,SUP001
840,SUP001
841,SUP001
842,SUP001
843,SUP001
844,SUP001
845,SUP001
846,SUP001
847,SUP001
848,SUP001
849,SUP001
850,SUP001
851,SUP001
852,SUP001
853,SUP001
854,SUP001
855,SUP001
856,SUP001
857,SUP002
858,SUP001
859,SUP001
860,SUP001
861,SUP001
862,SUP001
863,SUP001
864,SUP001
865,SUP001
866,SUP002
867,SUP001
868,SUP001
869,SUP001
870,SUP002
871,SUP001
872,SUP002
873,SUP001
874,SUP001
875,SUP001
876,SUP001
877,SUP001
878,SUP002
879,SUP002
880,SUP001
881,SUP001
882,SUP002
883,SUP002
884,SUP001
885,SUP001
886,SUP001
887,SUP002
888,SUP001
889,SUP001
890,SUP002
891,SUP001
892,SUP002
893,SUP001
894,SUP001
895,SUP001
896,SUP002
897,SUP002
898,SUP002
899,SUP001
900,SUP001
901,SUP001
902,SUP002
903,SUP001
904,SUP002
905,SUP001
906,SUP002
907,SUP001
908,SUP001
909,SUP002
910,SUP001
911,SUP001
912,SUP001
913,SUP001
914,SUP001
915,SUP001
916,SUP001
917,SUP002
918,SUP002
919,SUP002
920,SUP001
921,SUP001
922,SUP002
923,SUP001
924,SUP001
925,SUP001
926,SUP001
927,SUP001
928,SUP001
929,SUP001
930,SUP001
931,SUP002
932,SUP001
933,SUP001
934,SUP001
935,SUP001
936,SUP001
937,SUP001
938,SUP002
939,SUP001
940,SUP002
941,SUP001
942,SUP002
943,SUP001
944,SUP002
945,SUP001
946,SUP002
947,SUP001
948,SUP001
949,SUP001
950,SUP002
951,SUP001
952,SUP001
953,SUP001
954,SUP001
955,SUP002
956,SUP001
957,SUP001
958,SUP001
959,SUP001
960,SUP002
961,SUP002
962,SUP002
963,SUP001
964,SUP001
965,SUP002
966,SUP001
967,SUP001
968,SUP001
969,SUP001
970,SUP001
971,SUP001
972,SUP001
973,SUP001
974,SUP001
975,SUP002
976,SUP001
977,SUP001
978,SUP001
979,SUP002
980,SUP001
981,SUP001
982,SUP001
983,SUP001
984,SUP001
985,SUP001
986,SUP001
987,SUP001
988,SUP001
989,SUP001
990,SUP001
991,SUP001
992,SUP001
993,SUP002
994,SUP001
995,SUP001
996,SUP001
997,SUP001
998,SUP001
999,SUP001
1000,SUP002